roomId,roomName,address,budget,genderPreference,roomCount,married,parking,availabilityStartDate,location
room1,Roberts-Wehner,2 Nobel Hill,21688,F,2,1,1,5/29/2018,bangalore
room2,Hyatt-Johnson,22279 Kipling Point,27115,all,3,1,1,9/12/2018,bangalore
room3,"Hoppe, Pollich and Watsica",00954 Cody Road,26775,all,3,1,1,7/13/2018,bangalore
room4,Luettgen-Jacobi,567 Packers Drive,33653,all,3,1,1,11/26/2018,bangalore
room5,"Fahey, Ryan and Schowalter",7 Columbus Center,30822,all,3,1,1,4/13/2019,bangalore
room6,"Crist, Considine and Bahringer",50 Banding Plaza,10885,M,2,0,0,11/8/2018,bangalore
room7,Tromp-Murazik,33805 Center Center,22827,F,2,1,1,9/17/2018,bangalore
room8,Kris-Senger,59 Trailsway Junction,15091,F,2,0,0,5/22/2018,bangalore
room9,D'Amore-Ratke,27923 Crownhardt Parkway,19960,F,2,1,1,5/12/2019,bangalore
room10,Rogahn Inc,3047 Hansons Circle,10275,M,2,0,0,6/14/2018,bangalore
room11,Metz-MacGyver,5 Starling Point,16949,F,2,1,0,2/1/2019,bangalore
room12,Schuppe LLC,9 Bluestem Point,13489,M,2,0,0,4/9/2019,bangalore
room13,Huel-Terry,05 Burrows Road,12859,M,2,0,0,1/6/2019,bangalore
room14,Bergnaum-Turcotte,04 Brentwood Center,8937,M,1,0,0,11/28/2018,bangalore
room15,Casper-Conroy,316 Bunker Hill Alley,12808,M,2,0,0,6/24/2018,bangalore
room16,Zboncak Group,786 Bellgrove Lane,10585,M,2,0,0,6/3/2018,bangalore
room17,"Bogisich, Torphy and Kunze",5212 Union Court,25193,all,3,1,1,12/18/2018,bangalore
room18,Rath Inc,85077 Bobwhite Junction,15309,F,2,0,0,3/7/2019,bangalore
room19,"Gulgowski, Goldner and Stamm",8 Washington Street,21772,F,2,1,1,2/21/2019,bangalore
room20,McCullough Group,561 Eastlawn Plaza,26086,all,3,1,1,4/9/2019,bangalore
room21,Armstrong Inc,8 Cascade Center,33349,all,3,1,1,3/26/2019,bangalore
room22,Bergnaum-Upton,89340 Gateway Street,10112,M,2,0,0,3/16/2019,bangalore
room23,"Larkin, Halvorson and Okuneva",47174 Northview Junction,5256,M,1,0,0,6/26/2018,bangalore
room24,"Williamson, Monahan and Quigley",04 Center Circle,33922,all,3,1,1,1/5/2019,bangalore
room25,Powlowski and Sons,553 Meadow Valley Place,27266,all,3,1,1,7/9/2018,bangalore
room26,"Hermann, Champlin and Hudson",75855 Bay Park,23078,F,2,1,1,3/26/2019,bangalore
room27,Conn Group,06 Johnson Drive,25340,all,3,1,1,3/26/2019,bangalore
room28,McGlynn LLC,508 Annamark Circle,7809,M,1,0,0,6/20/2018,bangalore
room29,Fadel-Koss,2 Namekagon Place,5346,M,1,0,0,3/14/2019,bangalore
room30,Turcotte Group,2922 North Street,30420,all,3,1,1,7/6/2018,bangalore
room31,Rolfson-Parker,9 Washington Terrace,9783,M,1,0,0,11/8/2018,bangalore
room32,"Robel, Stark and Kirlin",80438 Roth Pass,30873,all,3,1,1,2/8/2019,bangalore
room33,Hand LLC,3829 Dorton Crossing,20428,F,2,1,1,10/4/2018,bangalore
room34,Padberg-Windler,6830 Loftsgordon Road,20543,F,2,1,1,8/13/2018,bangalore
room35,"Olson, Schuster and Bartoletti",13611 Old Shore Crossing,5119,M,1,0,0,7/6/2018,bangalore
room36,Schumm Inc,4 Mallard Avenue,34731,all,3,1,1,9/17/2018,bangalore
room37,"Cummerata, Morissette and Dooley",33 High Crossing Road,7583,M,1,0,0,10/14/2018,bangalore
room38,Cartwright-Zieme,89 Blue Bill Park Parkway,23584,F,2,1,1,5/12/2019,bangalore
room39,"Feil, Fadel and Hudson",701 Goodland Terrace,26320,all,3,1,1,8/10/2018,bangalore
room40,"Hirthe, Toy and Gerlach",1 Upham Place,6605,M,1,0,0,6/22/2018,bangalore
room41,"Bashirian, Kuphal and West",1468 Basil Park,8935,M,1,0,0,3/4/2019,bangalore
room42,"Pouros, Pagac and Bechtelar",5848 Schiller Junction,32662,all,3,1,1,4/8/2019,bangalore
room43,"Shields, Braun and Gutkowski",4 Del Sol Avenue,12498,M,2,0,0,11/28/2018,bangalore
room44,"Windler, Yost and Hudson",0009 Cardinal Street,19965,F,2,1,1,11/28/2018,bangalore
room45,Funk-Kihn,1361 Corry Junction,30933,all,3,1,1,1/19/2019,bangalore
room46,"McGlynn, Brekke and Kovacek",12787 Forest Pass,27139,all,3,1,1,6/30/2018,bangalore
room47,McDermott-Bosco,133 Waxwing Park,34210,all,3,1,1,7/6/2018,bangalore
room48,Blanda-Gerlach,3254 Petterle Avenue,7469,M,1,0,0,5/11/2019,bangalore
room49,"Krajcik, Wunsch and Roberts",7283 Bultman Avenue,25539,all,3,1,1,9/8/2018,bangalore
room50,Bauch Group,32916 West Center,5986,M,1,0,0,12/11/2018,bangalore
room51,Wuckert-Hegmann,4 Rutledge Lane,28476,all,3,1,1,4/29/2019,bangalore
room52,Lynch-Gleason,68 Dakota Pass,23133,F,2,1,1,2/1/2019,bangalore
room53,"Brown, Funk and MacGyver",9 2nd Park,17226,F,2,1,0,7/5/2018,bangalore
room54,Corwin Inc,5844 Carberry Avenue,26263,all,3,1,1,7/1/2018,bangalore
room55,Rowe and Sons,10 Starling Road,5830,M,1,0,0,12/13/2018,bangalore
room56,"Yundt, Rohan and Cole",1210 Hauk Terrace,14803,M,2,0,0,3/5/2019,bangalore
room57,Morar and Sons,91687 Gerald Avenue,12026,M,2,0,0,12/12/2018,bangalore
room58,Cruickshank-Fadel,98 Westerfield Avenue,26659,all,3,1,1,3/15/2019,bangalore
room59,Gislason Inc,9887 Ilene Place,17205,F,2,1,0,9/8/2018,bangalore
room60,"Dietrich, Turner and Rempel",30 Pawling Lane,5134,M,1,0,0,5/11/2019,bangalore
room61,"Ortiz, Gislason and Little",1271 Ilene Avenue,14158,M,2,0,0,2/3/2019,bangalore
room62,Kertzmann and Sons,67 Shasta Court,9515,M,1,0,0,3/16/2019,bangalore
room63,Jones Inc,68 Melby Center,31097,all,3,1,1,10/24/2018,bangalore
room64,Kihn Inc,326 Londonderry Avenue,7939,M,1,0,0,7/3/2018,bangalore
room65,"Runolfsson, Olson and Kerluke",33154 Blackbird Place,13006,M,2,0,0,10/25/2018,bangalore
room66,Quitzon Inc,028 Brown Drive,31166,all,3,1,1,6/2/2018,bangalore
room67,"Carter, West and Zieme",874 Nelson Pass,33220,all,3,1,1,5/2/2019,bangalore
room68,"Schuster, Robel and Emard",005 Mifflin Court,5441,M,1,0,0,5/10/2019,bangalore
room69,"Lemke, Dach and Towne",18 Cascade Place,26002,all,3,1,1,5/5/2019,bangalore
room70,Gleason-Gerlach,0 Jay Terrace,33924,all,3,1,1,6/3/2018,bangalore
room71,Ryan Group,826 Spohn Place,24930,F,2,1,1,4/23/2019,bangalore
room72,Daniel Group,61 Starling Point,29270,all,3,1,1,11/17/2018,bangalore
room73,"Schmidt, Beatty and Bosco",905 Kingsford Road,22392,F,2,1,1,7/6/2018,bangalore
room74,"Murphy, Stracke and Cruickshank",76651 Amoth Pass,31162,all,3,1,1,12/5/2018,bangalore
room75,"Wilderman, Lesch and Kemmer",3650 Vernon Lane,9354,M,1,0,0,3/11/2019,bangalore
room76,Yundt-Hoppe,29 Pankratz Trail,20324,F,2,1,1,8/29/2018,bangalore
room77,"Keeling, Spinka and Powlowski",0 Ryan Court,11258,M,2,0,0,12/31/2018,bangalore
room78,Barrows Inc,47156 Gerald Center,17160,F,2,1,0,8/6/2018,bangalore
room79,"Purdy, Halvorson and Cartwright",98675 Springview Court,16763,F,2,1,0,7/24/2018,bangalore
room80,DuBuque Inc,269 Bartelt Circle,15856,F,2,0,0,8/3/2018,bangalore
room81,Zulauf-Rippin,443 Farragut Point,24927,F,2,1,1,10/18/2018,bangalore
room82,Lebsack Inc,23371 Elgar Hill,24735,F,2,1,1,4/2/2019,bangalore
room83,Kovacek-Fisher,707 Knutson Center,22135,F,2,1,1,9/10/2018,bangalore
room84,"Koch, Bernhard and Monahan",94 Vera Park,20747,F,2,1,1,6/21/2018,bangalore
room85,Tremblay-Crist,39 Bunker Hill Lane,17182,F,2,1,0,9/23/2018,bangalore
room86,Prohaska-Larson,3892 Holy Cross Park,6807,M,1,0,0,3/24/2019,bangalore
room87,Conroy-Erdman,7371 Rusk Road,11166,M,2,0,0,8/3/2018,bangalore
room88,Cruickshank Group,1 Shasta Place,15007,F,2,0,0,9/2/2018,bangalore
room89,"Pfannerstill, Hahn and Wiegand",2430 Express Hill,32992,all,3,1,1,2/6/2019,bangalore
room90,"Legros, Gislason and Stokes",1 Karstens Drive,25827,all,3,1,1,3/22/2019,bangalore
room91,Schneider-Kozey,0735 Packers Point,25722,all,3,1,1,2/12/2019,bangalore
room92,Tillman and Sons,449 Manufacturers Terrace,11006,M,2,0,0,8/20/2018,bangalore
room93,Romaguera LLC,05 Veith Drive,11847,M,2,0,0,8/16/2018,bangalore
room94,"Welch, Ward and Hills",7 Jenifer Park,32598,all,3,1,1,10/10/2018,bangalore
room95,Lockman-Lockman,1 Ridge Oak Center,19298,F,2,1,1,11/20/2018,bangalore
room96,Koelpin Inc,215 Sullivan Lane,12171,M,2,0,0,7/17/2018,bangalore
room97,"Hermann, Hand and Dibbert",07872 Service Junction,26500,all,3,1,1,9/28/2018,bangalore
room98,West Inc,54270 Green Ridge Lane,7709,M,1,0,0,1/13/2019,bangalore
room99,Hagenes and Sons,3 Sauthoff Terrace,29407,all,3,1,1,7/6/2018,bangalore
room100,"Rosenbaum, Stamm and Crona",502 Shopko Way,12087,M,2,0,0,6/4/2018,bangalore
room101,DuBuque-Raynor,6742 Springview Park,20561,F,2,1,1,7/12/2018,bangalore
room102,"Rowe, Steuber and Roberts",48 Talisman Point,23283,F,2,1,1,6/28/2018,bangalore
room103,Daugherty and Sons,86 Orin Junction,19325,F,2,1,1,3/26/2019,bangalore
room104,Lubowitz Inc,8 Vidon Lane,16527,F,2,1,0,10/12/2018,bangalore
room105,Bayer LLC,8695 Portage Parkway,25833,all,3,1,1,11/23/2018,bangalore
room106,Hauck-Mohr,0 Washington Junction,30079,all,3,1,1,12/1/2018,bangalore
room107,"Witting, Ernser and Streich",58 Hanover Road,6985,M,1,0,0,9/24/2018,bangalore
room108,"Cummings, Torphy and Kub",0069 Pepper Wood Street,29808,all,3,1,1,9/15/2018,bangalore
room109,Wunsch-Lindgren,671 Green Way,24562,F,2,1,1,8/14/2018,bangalore
room110,"Kling, Barrows and Schuppe",907 Grim Street,16258,F,2,1,0,11/17/2018,bangalore
room111,Rutherford-Padberg,6 Gulseth Drive,25870,all,3,1,1,6/10/2018,bangalore
room112,Feil Inc,5073 Dottie Place,6940,M,1,0,0,6/14/2018,bangalore
room113,Brekke-Jones,15 Northfield Pass,7409,M,1,0,0,12/13/2018,bangalore
room114,"Runolfsson, Ankunding and Borer",160 Kennedy Place,7187,M,1,0,0,4/3/2019,bangalore
room115,Swaniawski-Rau,6213 Claremont Drive,18388,F,2,1,1,6/30/2018,bangalore
room116,"Hackett, Schowalter and Bergnaum",4 Northfield Place,17264,F,2,1,0,3/3/2019,bangalore
room117,Rohan-Dietrich,31 Banding Way,16903,F,2,1,0,11/8/2018,bangalore
room118,Schmitt-Pouros,1398 Namekagon Crossing,14942,M,2,0,0,6/21/2018,bangalore
room119,"Lueilwitz, McDermott and Keeling",22 Cottonwood Avenue,11529,M,2,0,0,11/16/2018,bangalore
room120,"Price, Gerhold and Hammes",22769 Center Lane,7903,M,1,0,0,5/17/2019,bangalore
room121,"Corwin, Effertz and Kunde",3656 Superior Drive,30788,all,3,1,1,10/17/2018,bangalore
room122,"Rosenbaum, O'Keefe and Wuckert",9091 Haas Junction,7009,M,1,0,0,3/18/2019,bangalore
room123,"Bernhard, Schoen and Hermann",325 Gateway Plaza,6927,M,1,0,0,6/17/2018,bangalore
room124,"Altenwerth, Berge and Miller",1 Spohn Park,21202,F,2,1,1,3/7/2019,bangalore
room125,Haag-Boehm,0 Muir Park,17419,F,2,1,0,1/3/2019,bangalore
room126,"Murazik, Kuhic and Goyette",8639 Stephen Place,20453,F,2,1,1,9/15/2018,bangalore
room127,"Fay, Leffler and Baumbach",5940 Carberry Circle,24111,F,2,1,1,7/29/2018,bangalore
room128,Zieme-Hickle,57 Schlimgen Street,22579,F,2,1,1,12/10/2018,bangalore
room129,Mertz and Sons,61 Bellgrove Point,24303,F,2,1,1,3/9/2019,bangalore
room130,"McCullough, Rogahn and Sawayn",899 Paget Avenue,9926,M,1,0,0,5/23/2018,bangalore
room131,Metz and Sons,95 Morningstar Pass,11170,M,2,0,0,9/3/2018,bangalore
room132,Hamill-Romaguera,08835 Comanche Plaza,17849,F,2,1,0,5/27/2018,bangalore
room133,Medhurst-Hauck,39384 Clyde Gallagher Circle,23949,F,2,1,1,4/9/2019,bangalore
room134,Fritsch-Cormier,5824 Oak Valley Center,13492,M,2,0,0,4/13/2019,bangalore
room135,Gleason LLC,75526 Warner Lane,23212,F,2,1,1,12/23/2018,bangalore
room136,"Gulgowski, Hoeger and Hackett",205 Elka Junction,17801,F,2,1,0,1/1/2019,bangalore
room137,Johnson-Morar,106 Parkside Avenue,7364,M,1,0,0,10/1/2018,bangalore
room138,Beer Inc,6255 Badeau Street,26244,all,3,1,1,6/26/2018,bangalore
room139,Stokes-Nienow,87880 Hermina Junction,10400,M,2,0,0,12/12/2018,bangalore
room140,Herzog LLC,9683 Spenser Center,28183,all,3,1,1,7/29/2018,bangalore
room141,"Bogisich, Roberts and Anderson",72693 Bashford Drive,29014,all,3,1,1,7/12/2018,bangalore
room142,Gulgowski-Larkin,082 Kinsman Drive,6495,M,1,0,0,6/24/2018,bangalore
room143,"Dicki, Grant and Abbott",19046 Continental Court,28904,all,3,1,1,1/28/2019,bangalore
room144,Nitzsche Inc,04827 Warbler Park,20630,F,2,1,1,3/23/2019,bangalore
room145,"Rau, Bashirian and Witting",880 Barby Court,9029,M,1,0,0,12/16/2018,bangalore
room146,Bashirian Group,33 Melvin Place,17653,F,2,1,0,7/30/2018,bangalore
room147,Anderson-Mohr,6597 Cardinal Terrace,8942,M,1,0,0,9/25/2018,bangalore
room148,"Beer, Fahey and Sporer",0 Russell Point,21906,F,2,1,1,12/26/2018,bangalore
room149,Funk-Pouros,77769 Lighthouse Bay Lane,13280,M,2,0,0,1/17/2019,bangalore
room150,"Effertz, Cartwright and Nicolas",18 Harbort Way,17108,F,2,1,0,4/15/2019,bangalore
room151,Stehr-Kulas,428 Tony Avenue,20217,F,2,1,1,10/14/2018,bangalore
room152,"Yundt, Breitenberg and Wisozk",723 Crest Line Street,9874,M,1,0,0,9/17/2018,bangalore
room153,"Brown, Baumbach and Windler",9251 Corben Park,21335,F,2,1,1,6/4/2018,bangalore
room154,Kris-Schoen,4607 Sutteridge Drive,20854,F,2,1,1,1/5/2019,bangalore
room155,"Shanahan, Fahey and Macejkovic",7797 Sachs Place,14583,M,2,0,0,5/24/2018,bangalore
room156,Nikolaus Inc,9 Maywood Pass,21693,F,2,1,1,7/22/2018,bangalore
room157,Harvey and Sons,68 Mariners Cove Circle,31598,all,3,1,1,2/28/2019,bangalore
room158,"Heidenreich, Larkin and Lockman",47 Kedzie Way,18206,F,2,1,1,8/6/2018,bangalore
room159,Mante Group,640 Fisk Road,28084,all,3,1,1,10/17/2018,bangalore
room160,Kreiger-Glover,115 Cottonwood Avenue,27654,all,3,1,1,7/11/2018,bangalore
room161,"Jacobi, Hamill and Shields",4 Fairfield Street,30988,all,3,1,1,12/30/2018,bangalore
room162,Waelchi and Sons,1147 Packers Parkway,20161,F,2,1,1,3/31/2019,bangalore
room163,"Roberts, Jast and Casper",05 Starling Hill,23365,F,2,1,1,3/6/2019,bangalore
room164,"Stehr, Wintheiser and Koelpin",0052 Bluejay Trail,26895,all,3,1,1,2/2/2019,bangalore
room165,Treutel Inc,8 Chive Junction,18564,F,2,1,1,6/5/2018,bangalore
room166,Durgan-Lueilwitz,86146 New Castle Alley,17112,F,2,1,0,2/16/2019,bangalore
room167,Johns-Hintz,722 Vahlen Center,24215,F,2,1,1,7/12/2018,bangalore
room168,Schamberger-Nader,58957 Lakeland Terrace,19713,F,2,1,1,8/8/2018,bangalore
room169,"Schoen, Cronin and Rempel",13342 Manitowish Park,18967,F,2,1,1,12/11/2018,bangalore
room170,"Dibbert, Torp and Ledner",4589 Grasskamp Plaza,32573,all,3,1,1,10/3/2018,bangalore
room171,"Jaskolski, Vandervort and Lehner",81 Northridge Place,33444,all,3,1,1,9/21/2018,bangalore
room172,Legros Inc,18 Spohn Street,28433,all,3,1,1,5/28/2018,bangalore
room173,Hoppe-Mills,01523 Graedel Avenue,25682,all,3,1,1,1/9/2019,bangalore
room174,Johnston Group,8 Memorial Street,34090,all,3,1,1,3/2/2019,bangalore
room175,Prosacco-Koepp,67 Chinook Pass,18122,F,2,1,1,12/30/2018,bangalore
room176,Mraz LLC,418 Sugar Trail,31175,all,3,1,1,8/6/2018,bangalore
room177,Larkin Inc,0891 Ronald Regan Road,14210,M,2,0,0,7/4/2018,bangalore
room178,Farrell Inc,22922 Center Hill,8964,M,1,0,0,11/21/2018,bangalore
room179,Fisher-Wiegand,43621 Prentice Alley,18818,F,2,1,1,6/11/2018,bangalore
room180,Rath LLC,8 Heath Plaza,11201,M,2,0,0,12/13/2018,bangalore
room181,Kuhic and Sons,172 Truax Way,24610,F,2,1,1,11/21/2018,bangalore
room182,Kerluke-Mante,4377 Buena Vista Hill,25615,all,3,1,1,1/20/2019,bangalore
room183,"Metz, Renner and Witting",8040 Lyons Trail,16716,F,2,1,0,7/30/2018,bangalore
room184,Braun Group,5 Lake View Lane,8660,M,1,0,0,12/30/2018,bangalore
room185,"Schimmel, Price and West",17 Heffernan Park,32537,all,3,1,1,2/4/2019,bangalore
room186,Deckow LLC,05 Susan Junction,17850,F,2,1,0,11/27/2018,bangalore
room187,Hirthe-Grimes,41 Canary Circle,8143,M,1,0,0,7/8/2018,bangalore
room188,Ondricka LLC,72 Thompson Court,17686,F,2,1,0,7/1/2018,bangalore
room189,Murray-Toy,25438 Warner Place,17101,F,2,1,0,11/9/2018,bangalore
room190,"Ryan, Reichel and Predovic",8686 Riverside Point,25601,all,3,1,1,1/25/2019,bangalore
room191,"Hartmann, Runolfsdottir and Gulgowski",397 Badeau Road,24741,F,2,1,1,3/23/2019,bangalore
room192,Lang Inc,42007 Clove Road,25230,all,3,1,1,8/12/2018,bangalore
room193,"Bahringer, McClure and Heaney",23194 Darwin Crossing,26686,all,3,1,1,5/8/2019,bangalore
room194,Cremin and Sons,1765 Hollow Ridge Drive,7969,M,1,0,0,3/12/2019,bangalore
room195,Reilly and Sons,3645 Melby Park,15832,F,2,0,0,1/26/2019,bangalore
room196,"Price, Oberbrunner and Kshlerin",56 Meadow Ridge Trail,9920,M,1,0,0,1/7/2019,bangalore
room197,Walker LLC,2 Granby Circle,33265,all,3,1,1,4/25/2019,bangalore
room198,Williamson LLC,56 Eagan Trail,6146,M,1,0,0,12/15/2018,bangalore
room199,Wiza-Cassin,8276 Lakewood Gardens Parkway,33050,all,3,1,1,8/9/2018,bangalore
room200,Ledner-Grady,642 Comanche Trail,10027,M,2,0,0,9/10/2018,bangalore
room201,Wunsch LLC,971 Calypso Circle,34311,all,3,1,1,7/12/2018,bangalore
room202,Yundt and Sons,9 Dovetail Lane,14187,M,2,0,0,6/19/2018,bangalore
room203,Barrows-Prohaska,25817 Bultman Avenue,20490,F,2,1,1,4/9/2019,bangalore
room204,"Legros, Walker and Kirlin",1 Fairview Crossing,16683,F,2,1,0,5/17/2019,bangalore
room205,Welch-Schinner,318 Pawling Junction,28022,all,3,1,1,12/18/2018,bangalore
room206,"Wunsch, Ritchie and Kulas",9664 Annamark Lane,15739,F,2,0,0,9/17/2018,bangalore
room207,Hayes Inc,77983 Charing Cross Court,33035,all,3,1,1,1/14/2019,bangalore
room208,"Cummerata, Crooks and Jerde",9 Union Drive,30750,all,3,1,1,5/30/2018,bangalore
room209,"Mohr, Dickens and Nolan",74 Homewood Drive,14310,M,2,0,0,2/2/2019,bangalore
room210,Conn-Hackett,35791 Laurel Trail,14821,M,2,0,0,5/10/2019,bangalore
room211,Jacobs-Gutkowski,8244 Fair Oaks Junction,16183,F,2,1,0,8/22/2018,bangalore
room212,Miller-Morissette,16835 Judy Circle,7644,M,1,0,0,6/1/2018,bangalore
room213,Parisian Group,01 1st Center,30414,all,3,1,1,10/14/2018,bangalore
room214,Lang and Sons,569 Petterle Circle,17966,F,2,1,0,12/25/2018,bangalore
room215,Gorczany-Dach,937 Comanche Trail,30188,all,3,1,1,11/12/2018,bangalore
room216,Weissnat-Kautzer,7442 Sage Park,29177,all,3,1,1,12/9/2018,bangalore
room217,Haley and Sons,5 Rockefeller Trail,8832,M,1,0,0,5/16/2019,bangalore
room218,"Hoppe, Daniel and Stracke",410 Carey Parkway,16003,F,2,1,0,12/31/2018,bangalore
room219,"Kertzmann, Mann and Mayert",2 Mesta Trail,23706,F,2,1,1,11/12/2018,bangalore
room220,Rau Inc,46 Bay Lane,12802,M,2,0,0,4/23/2019,bangalore
room221,Pacocha-Shanahan,1356 Messerschmidt Park,9384,M,1,0,0,5/24/2018,bangalore
room222,Stokes Inc,87 Fremont Avenue,27089,all,3,1,1,5/19/2018,bangalore
room223,"Purdy, Conn and Murphy",28 Vermont Court,32204,all,3,1,1,9/21/2018,bangalore
room224,Fahey and Sons,39976 Anniversary Drive,33504,all,3,1,1,11/27/2018,bangalore
room225,Crona and Sons,89914 Banding Plaza,15682,F,2,0,0,11/24/2018,bangalore
room226,Shields-Klein,98 Crownhardt Point,6069,M,1,0,0,11/28/2018,bangalore
room227,Schroeder Group,4849 Mockingbird Parkway,20670,F,2,1,1,5/2/2019,bangalore
room228,"Schaefer, Sporer and Sauer",0417 Kings Park,9131,M,1,0,0,5/20/2018,bangalore
room229,Jones Inc,6259 Atwood Terrace,10384,M,2,0,0,1/10/2019,bangalore
room230,"Ward, Schumm and Senger",87 Boyd Street,28736,all,3,1,1,12/6/2018,bangalore
room231,Becker-Stiedemann,309 Vermont Park,8478,M,1,0,0,10/27/2018,bangalore
room232,"Predovic, Lind and Green",4 Kenwood Drive,7262,M,1,0,0,6/23/2018,bangalore
room233,Williamson LLC,437 Sunbrook Junction,24029,F,2,1,1,9/16/2018,bangalore
room234,Zemlak-Funk,6 Dahle Center,15434,F,2,0,0,3/15/2019,bangalore
room235,Emmerich and Sons,28038 Anniversary Pass,31768,all,3,1,1,10/15/2018,bangalore
room236,"Johnson, Thompson and Rohan",72 Mockingbird Center,31501,all,3,1,1,9/19/2018,bangalore
room237,Predovic-Thompson,66 Mesta Park,34396,all,3,1,1,1/2/2019,bangalore
room238,Johnston Inc,9 Harbort Trail,14594,M,2,0,0,8/1/2018,bangalore
room239,Botsford Group,7 Washington Road,19086,F,2,1,1,1/17/2019,bangalore
room240,Pouros-Jacobi,10462 Mayfield Street,14446,M,2,0,0,9/8/2018,bangalore
room241,"Bergnaum, Hammes and Greenholt",1324 Fulton Court,22342,F,2,1,1,10/31/2018,bangalore
room242,Becker LLC,2 Randy Center,32105,all,3,1,1,7/6/2018,bangalore
room243,"Lowe, Witting and Armstrong",20 Mesta Circle,20828,F,2,1,1,11/3/2018,bangalore
room244,Bartell-Strosin,28420 Old Shore Park,32561,all,3,1,1,1/2/2019,bangalore
room245,"Hauck, Goyette and Schaden",06 2nd Lane,7943,M,1,0,0,3/25/2019,bangalore
room246,Denesik Group,428 Thompson Hill,31683,all,3,1,1,5/30/2018,bangalore
room247,Dach-Hermann,21 Pleasure Alley,28159,all,3,1,1,7/29/2018,bangalore
room248,"Huels, Gerlach and Beahan",01 Crescent Oaks Circle,31592,all,3,1,1,10/30/2018,bangalore
room249,Kuhic-Conroy,8 Warner Plaza,18159,F,2,1,1,10/9/2018,bangalore
room250,"Crist, Hoppe and Kunde",586 Loeprich Crossing,11889,M,2,0,0,11/9/2018,bangalore
room251,"Hartmann, Maggio and Beatty",960 Vermont Pass,24682,F,2,1,1,8/20/2018,bangalore
room252,"Russel, Turcotte and Stoltenberg",274 Monterey Parkway,16428,F,2,1,0,8/9/2018,bangalore
room253,Kreiger Inc,2545 Evergreen Junction,6794,M,1,0,0,9/29/2018,bangalore
room254,"Harvey, Kreiger and Weber",51302 Maple Wood Avenue,21958,F,2,1,1,11/7/2018,bangalore
room255,Ortiz-Zboncak,003 Sachtjen Park,7060,M,1,0,0,8/30/2018,bangalore
room256,Rogahn Group,314 Waubesa Road,7413,M,1,0,0,11/1/2018,bangalore
room257,Schoen Inc,3756 Weeping Birch Avenue,17518,F,2,1,0,7/8/2018,bangalore
room258,Kling-Cartwright,687 7th Drive,29672,all,3,1,1,10/17/2018,bangalore
room259,Zieme-Emmerich,68 Prairieview Plaza,29191,all,3,1,1,5/16/2019,bangalore
room260,Kertzmann-Haley,5845 Steensland Plaza,25712,all,3,1,1,3/30/2019,bangalore
room261,"Boyer, Littel and Schuppe",93 Blaine Center,6910,M,1,0,0,3/8/2019,bangalore
room262,Robel-Skiles,6629 Mitchell Hill,17191,F,2,1,0,9/30/2018,bangalore
room263,Greenholt-Daugherty,9 Spenser Circle,28074,all,3,1,1,9/11/2018,bangalore
room264,Raynor and Sons,2586 Melby Lane,8187,M,1,0,0,2/26/2019,bangalore
room265,"Johnson, Emmerich and Yundt",5993 Killdeer Junction,17240,F,2,1,0,9/13/2018,bangalore
room266,Zboncak and Sons,04 International Avenue,11962,M,2,0,0,7/13/2018,bangalore
room267,"Price, Metz and Yundt",3678 Cardinal Way,25231,all,3,1,1,2/1/2019,bangalore
room268,Stark LLC,8 Sycamore Street,33543,all,3,1,1,1/31/2019,bangalore
room269,Hayes LLC,064 Saint Paul Drive,20444,F,2,1,1,11/2/2018,bangalore
room270,Welch Group,5780 Meadow Valley Center,15497,F,2,0,0,7/25/2018,bangalore
room271,Larkin LLC,7 New Castle Junction,29483,all,3,1,1,9/14/2018,bangalore
room272,"Waelchi, Feil and Ziemann",97915 Fuller Drive,20533,F,2,1,1,3/13/2019,bangalore
room273,Nikolaus Group,95 Lakewood Gardens Trail,33627,all,3,1,1,2/8/2019,bangalore
room274,Altenwerth Inc,8928 Declaration Crossing,5193,M,1,0,0,11/10/2018,bangalore
room275,Nienow Inc,9 Londonderry Crossing,16577,F,2,1,0,10/6/2018,bangalore
room276,Miller and Sons,3378 Chinook Crossing,14463,M,2,0,0,11/14/2018,bangalore
room277,"Abernathy, Keebler and Tillman",1 Kedzie Way,29533,all,3,1,1,6/13/2018,bangalore
room278,Hegmann-Krajcik,2688 Hollow Ridge Place,7542,M,1,0,0,1/16/2019,bangalore
room279,Schamberger-Marks,5999 Sycamore Avenue,22840,F,2,1,1,12/20/2018,bangalore
room280,Zulauf-Schuppe,120 Kipling Circle,20059,F,2,1,1,10/26/2018,bangalore
room281,Johns-Keeling,6805 1st Way,11499,M,2,0,0,1/21/2019,bangalore
room282,Morar and Sons,92 Golf Course Alley,20349,F,2,1,1,2/13/2019,bangalore
room283,Schuster and Sons,88697 Manitowish Point,19558,F,2,1,1,10/8/2018,bangalore
room284,"Jenkins, Renner and Armstrong",424 Acker Circle,5288,M,1,0,0,5/21/2018,bangalore
room285,Kilback and Sons,42405 Lunder Street,28500,all,3,1,1,7/5/2018,bangalore
room286,Harber Inc,335 Bay Alley,13669,M,2,0,0,5/28/2018,bangalore
room287,Pacocha LLC,0 Duke Plaza,24146,F,2,1,1,12/26/2018,bangalore
room288,Erdman-Green,0 Sherman Parkway,21018,F,2,1,1,8/3/2018,bangalore
room289,Wilderman LLC,12 Haas Terrace,14497,M,2,0,0,5/20/2018,bangalore
room290,"Dach, Erdman and Kertzmann",41 High Crossing Plaza,29870,all,3,1,1,1/12/2019,bangalore
room291,"Medhurst, Auer and Paucek",7 Lyons Hill,8626,M,1,0,0,8/1/2018,bangalore
room292,Watsica and Sons,22 Mendota Pass,33244,all,3,1,1,11/7/2018,bangalore
room293,Lubowitz LLC,77545 Moland Lane,22385,F,2,1,1,1/22/2019,bangalore
room294,Waters and Sons,68 Loeprich Junction,24125,F,2,1,1,7/21/2018,bangalore
room295,Kreiger-Purdy,55 Forest Dale Circle,8021,M,1,0,0,3/24/2019,bangalore
room296,Balistreri and Sons,73 Schurz Street,33273,all,3,1,1,6/30/2018,bangalore
room297,Rohan-Senger,4 Springview Plaza,16969,F,2,1,0,11/28/2018,bangalore
room298,Hilpert-Kutch,45848 Union Parkway,7454,M,1,0,0,1/25/2019,bangalore
room299,Sporer and Sons,1553 Brown Circle,22229,F,2,1,1,2/26/2019,bangalore
room300,VonRueden-Homenick,8724 Butternut Center,9865,M,1,0,0,8/6/2018,bangalore
room301,O'Conner and Sons,6915 Eastlawn Court,16916,F,2,1,0,7/1/2018,bangalore
room302,Morar-Wisozk,30098 Independence Place,22319,F,2,1,1,6/10/2018,bangalore
room303,Cassin-Roberts,5793 Kropf Way,29058,all,3,1,1,3/11/2019,bangalore
room304,"Howe, Lynch and Williamson",29288 Ridgeview Junction,31619,all,3,1,1,1/19/2019,bangalore
room305,Baumbach-Hudson,556 Sunfield Crossing,15056,F,2,0,0,2/3/2019,bangalore
room306,Schroeder Group,2570 Kedzie Crossing,5128,M,1,0,0,5/14/2019,bangalore
room307,Watsica Group,00 Lakewood Gardens Plaza,6846,M,1,0,0,2/23/2019,bangalore
room308,Heaney Inc,54 Washington Circle,32796,all,3,1,1,3/16/2019,bangalore
room309,"Lebsack, Lemke and Pagac",59 Rockefeller Parkway,26707,all,3,1,1,4/29/2019,bangalore
room310,"Koss, Adams and Rath",2713 Mifflin Point,27607,all,3,1,1,8/19/2018,bangalore
room311,"Mante, Bode and Ratke",52986 Rockefeller Avenue,32973,all,3,1,1,1/28/2019,bangalore
room312,Murphy Inc,8041 Oneill Lane,18370,F,2,1,1,3/19/2019,bangalore
room313,Erdman Group,70 Eagle Crest Street,11882,M,2,0,0,12/23/2018,bangalore
room314,Rosenbaum LLC,16 Sherman Plaza,33007,all,3,1,1,6/1/2018,bangalore
room315,"Parker, Hansen and Hills",05365 Macpherson Place,33591,all,3,1,1,8/25/2018,bangalore
room316,"Daugherty, Fahey and Gibson",8229 Butterfield Street,5555,M,1,0,0,12/24/2018,bangalore
room317,"Nienow, Rutherford and Rolfson",418 5th Crossing,17521,F,2,1,0,1/28/2019,bangalore
room318,Ortiz-Jenkins,33455 Glendale Drive,29065,all,3,1,1,11/30/2018,bangalore
room319,"Effertz, Friesen and Kozey",97 Bashford Avenue,31806,all,3,1,1,4/14/2019,bangalore
room320,Abernathy Group,92442 Bayside Alley,10711,M,2,0,0,7/30/2018,bangalore
room321,Huels-Torphy,4402 Mallard Junction,13631,M,2,0,0,6/13/2018,bangalore
room322,Spencer-Hettinger,2614 Maple Park,5821,M,1,0,0,7/4/2018,bangalore
room323,Collins Group,304 Brickson Park Junction,27823,all,3,1,1,10/17/2018,bangalore
room324,Friesen Inc,529 Marcy Lane,34422,all,3,1,1,6/5/2018,bangalore
room325,"Abbott, Feeney and Thiel",005 Milwaukee Trail,11070,M,2,0,0,11/28/2018,bangalore
room326,Hessel-Blanda,369 Canary Drive,24759,F,2,1,1,3/25/2019,bangalore
room327,Koss and Sons,73 Darwin Junction,19962,F,2,1,1,8/11/2018,bangalore
room328,"Jacobi, Hagenes and Leannon",52 Sommers Street,16309,F,2,1,0,8/5/2018,bangalore
room329,Steuber-Parisian,0 Forster Park,7341,M,1,0,0,2/21/2019,bangalore
room330,"O'Kon, Bartell and Dibbert",90565 Northport Center,34867,all,3,1,1,10/20/2018,bangalore
room331,"Konopelski, Dibbert and Jaskolski",2 Del Mar Place,6278,M,1,0,0,4/21/2019,bangalore
room332,Streich and Sons,638 Scofield Alley,14315,M,2,0,0,12/23/2018,bangalore
room333,Carter-Koelpin,87449 Mosinee Terrace,10074,M,2,0,0,2/21/2019,bangalore
room334,"Heathcote, Wyman and Nikolaus",04675 Stephen Hill,23631,F,2,1,1,8/17/2018,bangalore
room335,Schmeler-Crist,1 Havey Alley,23883,F,2,1,1,12/30/2018,bangalore
room336,Marks-Daniel,77 Rusk Park,28869,all,3,1,1,6/24/2018,bangalore
room337,"Bruen, Larkin and Kutch",5033 Scoville Alley,5029,M,1,0,0,2/19/2019,bangalore
room338,Johnston Inc,6 Commercial Park,13110,M,2,0,0,4/29/2019,bangalore
room339,Fritsch Group,847 David Street,28824,all,3,1,1,5/21/2018,bangalore
room340,Wyman-Deckow,24 Hintze Drive,5783,M,1,0,0,11/5/2018,bangalore
room341,"Ebert, Stracke and Mohr",057 East Plaza,21906,F,2,1,1,12/30/2018,bangalore
room342,"Schultz, Greenholt and Miller",08567 Bunting Terrace,25781,all,3,1,1,3/12/2019,bangalore
room343,Lakin-Homenick,37 Bartillon Drive,25525,all,3,1,1,8/29/2018,bangalore
room344,Kilback-Zieme,209 Dennis Way,24075,F,2,1,1,3/1/2019,bangalore
room345,Halvorson-Satterfield,66790 Caliangt Place,10640,M,2,0,0,5/24/2018,bangalore
room346,Walker-Prohaska,85854 Evergreen Parkway,6162,M,1,0,0,9/19/2018,bangalore
room347,Pfeffer-Rath,58932 3rd Park,34602,all,3,1,1,10/31/2018,bangalore
room348,Stehr-Kshlerin,68 3rd Junction,32519,all,3,1,1,10/11/2018,bangalore
room349,Lehner Inc,4 Rusk Center,29225,all,3,1,1,1/27/2019,bangalore
room350,Leuschke-Kunze,8007 Towne Lane,11354,M,2,0,0,12/13/2018,bangalore
room351,Lindgren-Sawayn,72106 Carey Parkway,30819,all,3,1,1,10/9/2018,bangalore
room352,"Hauck, Kassulke and Lowe",017 Badeau Drive,31588,all,3,1,1,3/2/2019,bangalore
room353,"Schamberger, Kuvalis and Kihn",235 Fisk Court,16049,F,2,1,0,4/1/2019,bangalore
room354,Brekke-Schimmel,87 Fieldstone Way,14322,M,2,0,0,12/27/2018,bangalore
room355,Nolan-Monahan,760 Magdeline Park,22285,F,2,1,1,12/11/2018,bangalore
room356,Gusikowski LLC,797 Hazelcrest Way,24966,F,2,1,1,6/23/2018,bangalore
room357,Schmidt Group,90 Thompson Street,10588,M,2,0,0,6/26/2018,bangalore
room358,Prosacco-Armstrong,99 Florence Point,25251,all,3,1,1,8/21/2018,bangalore
room359,"Dibbert, Robel and Johns",1 Grim Alley,15006,F,2,0,0,10/24/2018,bangalore
room360,Halvorson-Upton,614 Mesta Parkway,5989,M,1,0,0,5/1/2019,bangalore
room361,"Hodkiewicz, Herzog and Rempel",7 Mcbride Way,32464,all,3,1,1,8/15/2018,bangalore
room362,Upton and Sons,1 Schlimgen Hill,20749,F,2,1,1,4/26/2019,bangalore
room363,Blick-Champlin,8 Sachs Way,32105,all,3,1,1,3/18/2019,bangalore
room364,Wiegand-Funk,0 Mesta Parkway,28569,all,3,1,1,12/18/2018,bangalore
room365,"Osinski, Fahey and Schmeler",510 Truax Alley,16461,F,2,1,0,1/4/2019,bangalore
room366,Kling-Windler,4006 Debs Court,9371,M,1,0,0,8/12/2018,bangalore
room367,Lind Group,12 School Park,27463,all,3,1,1,11/17/2018,bangalore
room368,Runte-Kuvalis,61683 Annamark Avenue,14848,M,2,0,0,4/10/2019,bangalore
room369,Windler-Cummings,910 West Point,14041,M,2,0,0,3/5/2019,bangalore
room370,Lakin-Ward,750 Charing Cross Road,18361,F,2,1,1,8/26/2018,bangalore
room371,Zboncak and Sons,344 Thierer Parkway,16780,F,2,1,0,2/25/2019,bangalore
room372,"Langworth, Davis and Pfannerstill",96 Judy Plaza,34053,all,3,1,1,10/10/2018,bangalore
room373,"Goyette, Upton and Welch",37770 Hayes Trail,16923,F,2,1,0,9/7/2018,bangalore
room374,Kshlerin-Bartoletti,0 Mockingbird Center,30172,all,3,1,1,1/10/2019,bangalore
room375,Bosco Group,85 Grayhawk Junction,28029,all,3,1,1,4/22/2019,bangalore
room376,Predovic Group,52 Chinook Hill,33250,all,3,1,1,2/15/2019,bangalore
room377,Stanton LLC,4 Lighthouse Bay Circle,5854,M,1,0,0,6/22/2018,bangalore
room378,"Grady, Stamm and Kassulke",35 Petterle Lane,17541,F,2,1,0,1/4/2019,bangalore
room379,"Brekke, Moore and Terry",3 4th Trail,33596,all,3,1,1,1/16/2019,bangalore
room380,Goldner-Fay,62 Dahle Trail,13908,M,2,0,0,10/1/2018,bangalore
room381,"Wyman, Ryan and Wilkinson",2592 Bunker Hill Terrace,15234,F,2,0,0,9/17/2018,bangalore
room382,"Nader, Kilback and Thiel",014 Muir Hill,6167,M,1,0,0,7/15/2018,bangalore
room383,Labadie Inc,56 Claremont Avenue,11887,M,2,0,0,4/25/2019,bangalore
room384,Herzog-Wisozk,89 Hauk Lane,7129,M,1,0,0,2/9/2019,bangalore
room385,Predovic LLC,1764 Farmco Junction,25433,all,3,1,1,1/20/2019,bangalore
room386,"Ankunding, Padberg and Sauer",70756 Manitowish Alley,26255,all,3,1,1,6/8/2018,bangalore
room387,Pfeffer LLC,291 Quincy Road,29562,all,3,1,1,1/18/2019,bangalore
room388,"Corwin, Bernier and Frami",49633 Kipling Place,25128,all,3,1,1,5/19/2018,bangalore
room389,Conroy Inc,099 Delaware Avenue,29423,all,3,1,1,7/12/2018,bangalore
room390,"Boehm, Crist and Hayes",4 Karstens Alley,24454,F,2,1,1,6/22/2018,bangalore
room391,Runolfsdottir-Jenkins,71331 Fremont Place,30367,all,3,1,1,7/11/2018,bangalore
room392,"Kub, Walter and O'Conner",64626 Riverside Circle,34199,all,3,1,1,2/11/2019,bangalore
room393,Eichmann-Bruen,29312 Mccormick Plaza,12903,M,2,0,0,1/29/2019,bangalore
room394,"Strosin, Fadel and Brekke",77 Bluejay Road,7855,M,1,0,0,3/18/2019,bangalore
room395,Bradtke and Sons,0 Merrick Way,20500,F,2,1,1,12/10/2018,bangalore
room396,Batz-Kub,0721 Evergreen Lane,20144,F,2,1,1,6/20/2018,bangalore
room397,Quitzon-Balistreri,26929 Corben Park,29015,all,3,1,1,7/14/2018,bangalore
room398,Schaden-Kassulke,3042 Graedel Point,24871,F,2,1,1,1/27/2019,bangalore
room399,"Ward, Batz and Klocko",363 Schlimgen Lane,33879,all,3,1,1,1/3/2019,bangalore
room400,Green-Pouros,272 Blue Bill Park Road,34297,all,3,1,1,11/21/2018,bangalore
room401,Zulauf-Wiegand,31606 Amoth Alley,30428,all,3,1,1,3/3/2019,bangalore
room402,"Windler, Marks and Monahan",23816 Killdeer Park,17943,F,2,1,0,3/14/2019,bangalore
room403,Metz and Sons,94 Waubesa Circle,21683,F,2,1,1,2/21/2019,bangalore
room404,Mosciski-O'Reilly,164 Brickson Park Hill,11463,M,2,0,0,9/11/2018,bangalore
room405,Cummings-Rosenbaum,24 Mendota Crossing,29886,all,3,1,1,9/28/2018,bangalore
room406,"Jacobi, Maggio and Ortiz",0652 Eliot Crossing,19028,F,2,1,1,10/5/2018,bangalore
room407,Hodkiewicz-Hahn,42 Schiller Lane,18247,F,2,1,1,1/5/2019,bangalore
room408,Bartell-Schimmel,31001 Kingsford Crossing,31667,all,3,1,1,4/8/2019,bangalore
room409,Blanda LLC,65 Steensland Way,11208,M,2,0,0,6/4/2018,bangalore
room410,Witting-O'Reilly,3927 Shelley Road,9931,M,1,0,0,2/20/2019,bangalore
room411,Greenfelder-Lynch,6803 Northridge Court,15379,F,2,0,0,5/6/2019,bangalore
room412,Erdman Inc,68828 Lawn Crossing,13954,M,2,0,0,5/15/2019,bangalore
room413,Strosin-Boyer,495 Florence Junction,33838,all,3,1,1,2/26/2019,bangalore
room414,"Muller, O'Connell and Yost",648 Elka Park,25511,all,3,1,1,12/5/2018,bangalore
room415,"Nikolaus, Mraz and Koepp",84105 Clemons Way,21360,F,2,1,1,5/17/2019,bangalore
room416,O'Hara Group,7 Kennedy Junction,34598,all,3,1,1,10/1/2018,bangalore
room417,Pagac and Sons,57297 Londonderry Pass,23469,F,2,1,1,8/8/2018,bangalore
room418,Cormier Group,94 Monument Plaza,8771,M,1,0,0,9/3/2018,bangalore
room419,Ortiz-Johnson,9544 Springview Trail,33416,all,3,1,1,6/10/2018,bangalore
room420,Tromp and Sons,0721 Sommers Road,24298,F,2,1,1,5/28/2018,bangalore
room421,Renner and Sons,70 Springs Crossing,34246,all,3,1,1,8/12/2018,bangalore
room422,"Wunsch, Gutkowski and Sporer",990 Badeau Alley,19791,F,2,1,1,8/31/2018,bangalore
room423,McGlynn-Towne,64934 Schmedeman Trail,6592,M,1,0,0,4/27/2019,bangalore
room424,"Witting, Smith and Turner",72872 Bartillon Avenue,23706,F,2,1,1,4/23/2019,bangalore
room425,Goldner LLC,269 Pond Terrace,16344,F,2,1,0,8/11/2018,bangalore
room426,"Cremin, Lemke and Runolfsson",77936 Thierer Lane,27348,all,3,1,1,4/10/2019,bangalore
room427,Maggio-Wehner,0 3rd Alley,27775,all,3,1,1,8/5/2018,bangalore
room428,Mante-Purdy,4550 Meadow Vale Park,8916,M,1,0,0,2/25/2019,bangalore
room429,"Hickle, Reichert and Runte",7 Dunning Plaza,15299,F,2,0,0,12/12/2018,bangalore
room430,"Legros, Walker and Prohaska",55805 Eliot Point,30200,all,3,1,1,2/16/2019,bangalore
room431,"Johnson, Cremin and Wiegand",0 Clyde Gallagher Street,27801,all,3,1,1,4/27/2019,bangalore
room432,Brown-Padberg,70689 Sycamore Way,8973,M,1,0,0,8/26/2018,bangalore
room433,Wunsch Group,7 1st Park,11927,M,2,0,0,8/16/2018,bangalore
room434,"Hamill, Kessler and Klein",020 Little Fleur Alley,33769,all,3,1,1,12/1/2018,bangalore
room435,Weimann Inc,18 Alpine Center,33092,all,3,1,1,4/16/2019,bangalore
room436,Ratke-Baumbach,7 Dixon Alley,27509,all,3,1,1,3/22/2019,bangalore
room437,Bosco-Heathcote,04 Eliot Parkway,23438,F,2,1,1,12/7/2018,bangalore
room438,"Ankunding, Cassin and Cole",95 Lakeland Lane,20780,F,2,1,1,11/8/2018,bangalore
room439,Nienow and Sons,6 Anthes Crossing,24911,F,2,1,1,2/18/2019,bangalore
room440,"Koss, Wiegand and Kihn",4 Del Mar Road,30215,all,3,1,1,7/11/2018,bangalore
room441,"Luettgen, Stamm and Kovacek",377 Sachtjen Plaza,32744,all,3,1,1,9/23/2018,bangalore
room442,Lesch-Watsica,8731 Lotheville Drive,14505,M,2,0,0,2/9/2019,bangalore
room443,Ferry Group,417 Reindahl Center,33260,all,3,1,1,3/28/2019,bangalore
room444,Bogan-Yundt,150 Donald Lane,15359,F,2,0,0,12/26/2018,bangalore
room445,Bode-Tromp,27700 Commercial Pass,12955,M,2,0,0,7/30/2018,bangalore
room446,"Corwin, O'Hara and Hauck",210 Corscot Court,9804,M,1,0,0,5/15/2019,bangalore
room447,Block Group,2 Schmedeman Crossing,5270,M,1,0,0,9/14/2018,bangalore
room448,Glover-Reilly,47 Washington Pass,19555,F,2,1,1,1/20/2019,bangalore
room449,Abshire and Sons,432 Dexter Court,9490,M,1,0,0,4/6/2019,bangalore
room450,Weissnat-Pagac,1659 Debra Lane,33993,all,3,1,1,11/20/2018,bangalore
room451,Ferry LLC,1 Oxford Alley,26405,all,3,1,1,5/23/2018,bangalore
room452,Thompson and Sons,68979 Kennedy Court,17765,F,2,1,0,10/24/2018,bangalore
room453,Howell LLC,3 Eagan Terrace,30402,all,3,1,1,3/16/2019,bangalore
room454,Feest Group,2 Michigan Junction,14069,M,2,0,0,1/12/2019,bangalore
room455,"Keeling, O'Keefe and Tremblay",94 Paget Hill,22033,F,2,1,1,1/21/2019,bangalore
room456,Heathcote Inc,118 Shopko Park,8171,M,1,0,0,6/7/2018,bangalore
room457,"Zemlak, Yost and Roob",57 Nobel Pass,28729,all,3,1,1,11/11/2018,bangalore
room458,Kassulke-Sporer,6530 Merrick Terrace,30426,all,3,1,1,7/5/2018,bangalore
room459,Reichel-Stark,209 Burrows Park,10152,M,2,0,0,10/7/2018,bangalore
room460,Cartwright LLC,4147 Kingsford Way,13160,M,2,0,0,2/26/2019,bangalore
room461,Lueilwitz and Sons,26844 Welch Center,24163,F,2,1,1,1/10/2019,bangalore
room462,Effertz-Haley,39941 Bultman Center,17589,F,2,1,0,6/13/2018,bangalore
room463,Barrows-Hintz,90 Boyd Street,34116,all,3,1,1,8/27/2018,bangalore
room464,Lueilwitz LLC,250 5th Plaza,16380,F,2,1,0,3/27/2019,bangalore
room465,"Shanahan, Kertzmann and Doyle",4 Sunnyside Place,6360,M,1,0,0,2/14/2019,bangalore
room466,"Cronin, Rutherford and Murazik",740 Beilfuss Drive,12020,M,2,0,0,2/6/2019,bangalore
room467,"Reynolds, Monahan and O'Conner",676 Fairfield Court,30992,all,3,1,1,7/15/2018,bangalore
room468,Gleichner-Frami,792 Orin Alley,24127,F,2,1,1,7/28/2018,bangalore
room469,Prohaska Inc,16 Toban Place,17706,F,2,1,0,11/23/2018,bangalore
room470,"Mante, Greenfelder and Kozey",95 Sycamore Court,21520,F,2,1,1,3/18/2019,bangalore
room471,Beatty and Sons,27385 Riverside Way,33146,all,3,1,1,5/7/2019,bangalore
room472,"Roob, Rutherford and Ritchie",7 Bultman Avenue,32090,all,3,1,1,4/21/2019,bangalore
room473,Miller-Haley,69156 Fisk Junction,11956,M,2,0,0,3/16/2019,bangalore
room474,Swaniawski-VonRueden,19 Sloan Road,13007,M,2,0,0,2/24/2019,bangalore
room475,Ryan-Olson,03661 Macpherson Drive,11312,M,2,0,0,7/29/2018,bangalore
room476,Stroman LLC,8 Summit Road,34521,all,3,1,1,3/30/2019,bangalore
room477,"Ernser, Ferry and Yost",21282 Summerview Center,6082,M,1,0,0,12/25/2018,bangalore
room478,Smith-Wiza,39 Kedzie Way,22649,F,2,1,1,9/21/2018,bangalore
room479,Frami Inc,0 Oak Street,23150,F,2,1,1,10/15/2018,bangalore
room480,Bauch-Casper,27 Bowman Trail,25794,all,3,1,1,8/7/2018,bangalore
room481,Dibbert Group,77976 Ridge Oak Terrace,28761,all,3,1,1,2/14/2019,bangalore
room482,Strosin-Ankunding,6361 Pond Lane,5685,M,1,0,0,7/23/2018,bangalore
room483,Stamm-Kihn,4 Oak Valley Avenue,19903,F,2,1,1,4/2/2019,bangalore
room484,Beahan and Sons,01365 Petterle Way,16547,F,2,1,0,4/16/2019,bangalore
room485,Schoen-Schultz,57695 Evergreen Crossing,26183,all,3,1,1,6/24/2018,bangalore
room486,Gutmann-Littel,70305 Independence Parkway,6474,M,1,0,0,11/6/2018,bangalore
room487,Osinski-Littel,7 Cascade Drive,11091,M,2,0,0,3/17/2019,bangalore
room488,"Gibson, Heaney and Rolfson",9828 Sachtjen Drive,29486,all,3,1,1,9/1/2018,bangalore
room489,"Bergstrom, Gleason and Cormier",08108 Sauthoff Circle,16808,F,2,1,0,7/22/2018,bangalore
room490,Ortiz LLC,77 Rockefeller Plaza,24743,F,2,1,1,8/20/2018,bangalore
room491,"Rodriguez, Boyle and Toy",71309 Mallard Plaza,29699,all,3,1,1,6/4/2018,bangalore
room492,"Mosciski, Terry and Shields",7 Elgar Road,30599,all,3,1,1,6/10/2018,bangalore
room493,"Gutmann, Farrell and Lind",9696 Oak Crossing,26763,all,3,1,1,1/21/2019,bangalore
room494,Botsford-Waters,83972 Rutledge Junction,31462,all,3,1,1,2/15/2019,bangalore
room495,Douglas-Veum,345 Warrior Plaza,18104,F,2,1,1,1/5/2019,bangalore
room496,Mitchell and Sons,671 Jana Drive,17218,F,2,1,0,9/20/2018,bangalore
room497,Ziemann LLC,9 Debra Place,15246,F,2,0,0,5/10/2019,bangalore
room498,Stoltenberg-Hudson,5 Garrison Hill,6138,M,1,0,0,9/27/2018,bangalore
room499,"Boyle, Kuhic and Little",7 Fairfield Street,23274,F,2,1,1,7/19/2018,bangalore
room500,Kris LLC,053 Hooker Alley,8912,M,1,0,0,1/23/2019,bangalore
room501,Fay LLC,01 Union Lane,24318,F,2,1,1,6/30/2018,bangalore
room502,"Goodwin, Schaefer and Spinka",7 Orin Avenue,18283,F,2,1,1,7/6/2018,bangalore
room503,Kub Group,25 Maple Trail,5575,M,1,0,0,6/17/2018,bangalore
room504,"Ernser, Cummerata and Romaguera",3104 Kenwood Drive,34011,all,3,1,1,9/24/2018,bangalore
room505,Hammes-Hudson,02337 Redwing Hill,29699,all,3,1,1,12/2/2018,bangalore
room506,"Padberg, Kunze and Keebler",0 Barby Terrace,18053,F,2,1,1,7/9/2018,bangalore
room507,Leffler-MacGyver,7439 Evergreen Parkway,31080,all,3,1,1,5/9/2019,bangalore
room508,Bins-Harris,9737 Barby Center,23560,F,2,1,1,8/19/2018,bangalore
room509,"Ratke, West and Simonis",67482 Grim Center,10413,M,2,0,0,10/27/2018,bangalore
room510,Bradtke Inc,57913 Express Court,17226,F,2,1,0,6/10/2018,bangalore
room511,Lueilwitz Group,64564 Reindahl Hill,14216,M,2,0,0,12/28/2018,bangalore
room512,Quitzon-Grady,10 Mesta Lane,22016,F,2,1,1,11/30/2018,bangalore
room513,"Spencer, Gislason and Gleason",958 Melody Pass,27083,all,3,1,1,7/11/2018,bangalore
room514,Fadel Group,4 Scott Lane,20641,F,2,1,1,9/9/2018,bangalore
room515,Haley-Batz,191 Westend Center,11853,M,2,0,0,7/12/2018,bangalore
room516,Daniel-Green,75389 Corben Street,29874,all,3,1,1,8/27/2018,bangalore
room517,"Bradtke, Jast and Hettinger",24054 Schurz Crossing,17798,F,2,1,0,7/23/2018,bangalore
room518,"Smitham, Koss and Powlowski",7 Crest Line Drive,34555,all,3,1,1,1/13/2019,bangalore
room519,"Fisher, Labadie and Maggio",04 Scoville Court,7504,M,1,0,0,2/27/2019,bangalore
room520,Hagenes and Sons,7320 Clemons Street,26933,all,3,1,1,7/23/2018,bangalore
room521,Mayert-Jones,5 Canary Road,8489,M,1,0,0,2/23/2019,bangalore
room522,Keeling LLC,684 Carberry Court,30783,all,3,1,1,9/7/2018,bangalore
room523,Stoltenberg Inc,4 Myrtle Way,18102,F,2,1,1,6/7/2018,bangalore
room524,Becker LLC,5 Ohio Place,23802,F,2,1,1,11/12/2018,bangalore
room525,"Harris, Homenick and McGlynn",47 Butternut Crossing,24322,F,2,1,1,1/25/2019,bangalore
room526,"Wuckert, Kohler and Ryan",93 Dayton Parkway,20296,F,2,1,1,10/16/2018,bangalore
room527,Hills-Lindgren,73401 Scofield Trail,13542,M,2,0,0,3/7/2019,bangalore
room528,"Friesen, Grant and Kertzmann",0 Warrior Court,14329,M,2,0,0,5/26/2018,bangalore
room529,Schultz Group,0143 Pennsylvania Road,16853,F,2,1,0,6/30/2018,bangalore
room530,"Schroeder, Howe and Kris",04 Bashford Center,21023,F,2,1,1,5/25/2018,bangalore
room531,"Hyatt, Osinski and Kessler",6778 Steensland Lane,18844,F,2,1,1,3/28/2019,bangalore
room532,"Wintheiser, Nikolaus and Purdy",4 Ryan Street,7019,M,1,0,0,1/12/2019,bangalore
room533,"Hayes, Reichert and Robel",8717 Shelley Court,23651,F,2,1,1,11/28/2018,bangalore
room534,Fay Group,2831 Maywood Drive,24276,F,2,1,1,8/1/2018,bangalore
room535,Schmidt-Rippin,290 Artisan Point,32609,all,3,1,1,3/1/2019,bangalore
room536,Shields LLC,4376 Ohio Center,14547,M,2,0,0,7/3/2018,bangalore
room537,Goyette-Gislason,31031 Huxley Court,13783,M,2,0,0,8/4/2018,bangalore
room538,"Davis, Robel and Dicki",94399 Dayton Terrace,30687,all,3,1,1,10/16/2018,bangalore
room539,Nader Group,40818 Montana Road,12442,M,2,0,0,2/9/2019,bangalore
room540,"Romaguera, Kovacek and Hahn",288 Monterey Park,8034,M,1,0,0,11/14/2018,bangalore
room541,"Quigley, Braun and Lemke",80 Old Shore Junction,6300,M,1,0,0,4/19/2019,bangalore
room542,Hoeger Inc,01011 Forster Park,6689,M,1,0,0,12/26/2018,bangalore
room543,"Osinski, Bailey and Nolan",3311 Hovde Drive,13008,M,2,0,0,1/17/2019,bangalore
room544,"Green, Auer and Dach",1399 Onsgard Drive,5518,M,1,0,0,11/29/2018,bangalore
room545,Veum LLC,4861 Bartelt Place,24814,F,2,1,1,10/6/2018,bangalore
room546,Aufderhar-Flatley,06 Moose Place,22244,F,2,1,1,7/4/2018,bangalore
room547,Breitenberg-Kautzer,303 Mayer Lane,20921,F,2,1,1,3/22/2019,bangalore
room548,Lubowitz-O'Reilly,615 Linden Lane,24323,F,2,1,1,3/13/2019,bangalore
room549,Funk Group,14286 Dottie Junction,13432,M,2,0,0,1/12/2019,bangalore
room550,Renner Group,40 Onsgard Avenue,34193,all,3,1,1,5/7/2019,bangalore
room551,Nikolaus-Mosciski,65 Summerview Parkway,15756,F,2,0,0,9/2/2018,bangalore
room552,"Beer, Collier and Paucek",68991 Sugar Lane,17838,F,2,1,0,7/15/2018,bangalore
room553,Gibson-Herzog,14607 Katie Place,15740,F,2,0,0,9/22/2018,bangalore
room554,Dicki and Sons,7687 High Crossing Parkway,13571,M,2,0,0,9/8/2018,bangalore
room555,Shields-Cronin,3497 Talisman Hill,6096,M,1,0,0,11/30/2018,bangalore
room556,"Hamill, Carroll and Blanda",172 Coleman Center,21608,F,2,1,1,11/2/2018,bangalore
room557,Tromp Inc,78196 Bayside Avenue,20377,F,2,1,1,12/22/2018,bangalore
room558,Bins-Jenkins,47732 Shopko Park,10148,M,2,0,0,4/15/2019,bangalore
room559,Murazik LLC,35775 Steensland Alley,28051,all,3,1,1,12/5/2018,bangalore
room560,Dicki Group,5 Trailsway Terrace,26598,all,3,1,1,1/10/2019,bangalore
room561,Bradtke-White,279 Ruskin Circle,18520,F,2,1,1,7/15/2018,bangalore
room562,Mraz LLC,487 Meadow Valley Pass,27504,all,3,1,1,6/16/2018,bangalore
room563,"Gutkowski, Wehner and Nitzsche",8 Hanson Park,8861,M,1,0,0,11/28/2018,bangalore
room564,Murray LLC,08 Mendota Junction,12076,M,2,0,0,7/6/2018,bangalore
room565,Larkin-Pouros,93794 Trailsway Terrace,5745,M,1,0,0,12/27/2018,bangalore
room566,Upton LLC,7931 Bluestem Junction,30882,all,3,1,1,3/3/2019,bangalore
room567,"Kirlin, Hand and Cummings",19012 Del Sol Junction,22038,F,2,1,1,2/22/2019,bangalore
room568,Gulgowski-Jacobs,7024 Barnett Terrace,13540,M,2,0,0,12/21/2018,bangalore
room569,Lind-Howell,436 Atwood Road,33663,all,3,1,1,5/24/2018,bangalore
room570,Kling-Hackett,482 Longview Center,18282,F,2,1,1,4/2/2019,bangalore
room571,"Vandervort, Vandervort and Orn",7 Doe Crossing Drive,21257,F,2,1,1,8/31/2018,bangalore
room572,"Leuschke, Marvin and Hackett",43 2nd Terrace,24223,F,2,1,1,8/10/2018,bangalore
room573,Zboncak LLC,4093 Redwing Lane,22016,F,2,1,1,8/7/2018,bangalore
room574,Pollich-Purdy,3 Summerview Trail,30328,all,3,1,1,7/24/2018,bangalore
room575,Brekke LLC,3 Arrowood Drive,5970,M,1,0,0,10/25/2018,bangalore
room576,Boehm-Hyatt,57 Maywood Plaza,25216,all,3,1,1,5/23/2018,bangalore
room577,Russel-Bashirian,76 Veith Way,10639,M,2,0,0,8/2/2018,bangalore
room578,Funk-Turcotte,17 Lukken Hill,30341,all,3,1,1,8/16/2018,bangalore
room579,Gutmann and Sons,34 Shoshone Hill,18539,F,2,1,1,3/21/2019,bangalore
room580,Stanton-Pfeffer,82313 Warner Road,18003,F,2,1,1,8/17/2018,bangalore
room581,Wolf-Towne,8170 Veith Pass,25278,all,3,1,1,11/1/2018,bangalore
room582,Mann LLC,523 Farmco Street,22422,F,2,1,1,12/16/2018,bangalore
room583,"Wuckert, Jones and Mayer",32744 Lakewood Avenue,25063,all,3,1,1,12/8/2018,bangalore
room584,Hammes-Okuneva,12091 Forster Lane,8205,M,1,0,0,11/28/2018,bangalore
room585,Doyle-Gorczany,2 Doe Crossing Trail,14941,M,2,0,0,7/5/2018,bangalore
room586,Kovacek Inc,2 Blue Bill Park Lane,22805,F,2,1,1,1/2/2019,bangalore
room587,Kilback-Denesik,09 Waxwing Point,30312,all,3,1,1,7/2/2018,bangalore
room588,"Lynch, Anderson and Mertz",76822 Oak Valley Place,33887,all,3,1,1,12/5/2018,bangalore
room589,"Rogahn, Marvin and Schuster",4933 Melody Point,16152,F,2,1,0,9/8/2018,bangalore
room590,Wisoky LLC,11305 Beilfuss Lane,25811,all,3,1,1,12/1/2018,bangalore
room591,Donnelly Group,89 Old Gate Junction,31981,all,3,1,1,8/1/2018,bangalore
room592,"Flatley, King and Waelchi",0 Oak Valley Point,16306,F,2,1,0,3/23/2019,bangalore
room593,Powlowski-Beahan,538 Myrtle Terrace,20315,F,2,1,1,9/11/2018,bangalore
room594,Rowe LLC,27 Holy Cross Junction,17050,F,2,1,0,10/23/2018,bangalore
room595,Beatty Group,58 Warbler Road,13496,M,2,0,0,10/25/2018,bangalore
room596,Ortiz-Lakin,991 Johnson Trail,19933,F,2,1,1,3/18/2019,bangalore
room597,"Fay, Jacobson and Littel",8 Hudson Trail,30984,all,3,1,1,8/31/2018,bangalore
room598,Farrell-Rohan,70 Vera Way,13856,M,2,0,0,5/11/2019,bangalore
room599,Witting-Zulauf,75 Nobel Terrace,32825,all,3,1,1,3/26/2019,bangalore
room600,Kuhlman-Swaniawski,9452 Sutherland Drive,27820,all,3,1,1,3/1/2019,bangalore
room601,Mohr-Abernathy,91752 Rowland Terrace,11612,M,2,0,0,11/27/2018,bangalore
room602,"Torphy, McLaughlin and Champlin",68033 Monterey Parkway,8711,M,1,0,0,6/20/2018,bangalore
room603,Denesik Group,5 5th Lane,33579,all,3,1,1,12/31/2018,bangalore
room604,"Moore, Kovacek and Keebler",0 Tomscot Court,34619,all,3,1,1,1/28/2019,bangalore
room605,"Macejkovic, Welch and Corkery",6775 Paget Avenue,9206,M,1,0,0,7/30/2018,bangalore
room606,"Swaniawski, Lebsack and Towne",28 Sauthoff Road,27605,all,3,1,1,2/6/2019,bangalore
room607,"Denesik, Raynor and Olson",02208 La Follette Junction,33723,all,3,1,1,12/12/2018,bangalore
room608,"Beahan, Rippin and Bailey",0 Wayridge Hill,10222,M,2,0,0,11/25/2018,bangalore
room609,Ledner-Huels,03 Oak Valley Road,7311,M,1,0,0,5/27/2018,bangalore
room610,Weimann Group,82 Bunker Hill Street,14725,M,2,0,0,9/17/2018,bangalore
room611,"Abbott, Hessel and Bechtelar",285 Barby Road,33934,all,3,1,1,5/17/2019,bangalore
room612,Smitham-Senger,89 Eastwood Drive,22453,F,2,1,1,8/8/2018,bangalore
room613,Huel-Gusikowski,52401 Garrison Road,29225,all,3,1,1,3/25/2019,bangalore
room614,"McClure, McCullough and Halvorson",75148 Toban Way,13556,M,2,0,0,2/10/2019,bangalore
room615,McClure LLC,949 Golf Course Court,32891,all,3,1,1,3/4/2019,bangalore
room616,Frami and Sons,29 Dapin Center,29260,all,3,1,1,10/19/2018,bangalore
room617,"Shields, Dickens and Considine",455 Vahlen Avenue,34910,all,3,1,1,10/11/2018,bangalore
room618,"Lakin, Wunsch and Lubowitz",8 Bellgrove Drive,23899,F,2,1,1,7/10/2018,bangalore
room619,Kunze-Kertzmann,338 Reinke Junction,33820,all,3,1,1,1/6/2019,bangalore
room620,Hyatt LLC,24131 Oak Avenue,22237,F,2,1,1,5/31/2018,bangalore
room621,Koepp and Sons,1 Paget Terrace,14151,M,2,0,0,12/7/2018,bangalore
room622,"Hickle, Swaniawski and Berge",7 Scoville Park,21775,F,2,1,1,1/4/2019,bangalore
room623,"Conroy, Schaden and Mann",7188 Graceland Junction,29299,all,3,1,1,4/2/2019,bangalore
room624,O'Reilly-Lindgren,9 Raven Park,17975,F,2,1,0,2/8/2019,bangalore
room625,Schmeler and Sons,52 Tennyson Trail,27322,all,3,1,1,8/15/2018,bangalore
room626,"Mitchell, Osinski and Champlin",97410 Westport Lane,13949,M,2,0,0,8/2/2018,bangalore
room627,"Bahringer, Schneider and Lockman",0582 Cardinal Lane,29582,all,3,1,1,4/8/2019,bangalore
room628,Corkery-Bogisich,8674 Hooker Street,20200,F,2,1,1,9/23/2018,bangalore
room629,"Adams, Kerluke and Monahan",0 Sutherland Plaza,20926,F,2,1,1,3/18/2019,bangalore
room630,Volkman LLC,1245 Gale Park,5872,M,1,0,0,8/28/2018,bangalore
room631,Weimann LLC,7398 Fairfield Trail,10287,M,2,0,0,11/14/2018,bangalore
room632,Hoeger-Huels,95933 Gina Park,29111,all,3,1,1,1/15/2019,bangalore
room633,Morar-Conroy,573 Del Mar Pass,20755,F,2,1,1,9/12/2018,bangalore
room634,Runolfsdottir and Sons,35 Walton Center,17914,F,2,1,0,12/27/2018,bangalore
room635,Heathcote-Schulist,754 Towne Court,6179,M,1,0,0,1/15/2019,bangalore
room636,Pacocha Inc,74 Nobel Crossing,5923,M,1,0,0,7/24/2018,bangalore
room637,Franecki Group,4780 Surrey Avenue,6476,M,1,0,0,3/24/2019,bangalore
room638,Boyle LLC,631 Killdeer Street,34560,all,3,1,1,10/6/2018,bangalore
room639,Altenwerth Inc,58543 Northfield Avenue,28660,all,3,1,1,7/6/2018,bangalore
room640,"McClure, Denesik and Weissnat",84 School Terrace,33328,all,3,1,1,5/14/2019,bangalore
room641,McDermott-Schulist,75178 Arkansas Trail,26229,all,3,1,1,11/30/2018,bangalore
room642,Schimmel Inc,355 Little Fleur Trail,27233,all,3,1,1,12/16/2018,bangalore
room643,"Wolf, Shields and Adams",87802 Browning Center,11383,M,2,0,0,12/6/2018,bangalore
room644,Schaden-Beahan,2 Melrose Hill,7999,M,1,0,0,11/16/2018,bangalore
room645,Padberg and Sons,923 Hermina Avenue,11409,M,2,0,0,6/2/2018,bangalore
room646,"Boehm, Brekke and Bartell",01540 Hallows Alley,22948,F,2,1,1,12/3/2018,bangalore
room647,Sauer-Runte,78 Kensington Terrace,17672,F,2,1,0,1/23/2019,bangalore
room648,"Stanton, Bins and Haley",4735 Northview Trail,31600,all,3,1,1,5/2/2019,bangalore
room649,"Dooley, Gerlach and Hahn",57127 Clyde Gallagher Park,24960,F,2,1,1,5/24/2018,bangalore
room650,"Leffler, Gusikowski and Anderson",39392 Magdeline Crossing,6114,M,1,0,0,4/21/2019,bangalore
room651,Kassulke-Lesch,1 Mayer Junction,16719,F,2,1,0,6/22/2018,bangalore
room652,Nienow-Jenkins,1 Crowley Crossing,32518,all,3,1,1,7/25/2018,bangalore
room653,McLaughlin-Greenfelder,9 Meadow Vale Street,29634,all,3,1,1,3/23/2019,bangalore
room654,Windler Group,56 Reindahl Point,12871,M,2,0,0,10/3/2018,bangalore
room655,"Anderson, Rippin and Dickens",0 Morning Road,9218,M,1,0,0,12/9/2018,bangalore
room656,Zulauf-Ruecker,1 4th Plaza,33202,all,3,1,1,2/25/2019,bangalore
room657,"Ondricka, Klocko and Fadel",86334 Mosinee Trail,12552,M,2,0,0,4/20/2019,bangalore
room658,Langosh-Kohler,75 Garrison Center,5271,M,1,0,0,12/18/2018,bangalore
room659,Turcotte-Paucek,56 Sunfield Drive,32605,all,3,1,1,9/3/2018,bangalore
room660,"Leffler, Treutel and Nader",838 Park Meadow Pass,29414,all,3,1,1,12/26/2018,bangalore
room661,"Waelchi, Koepp and Parisian",2 Charing Cross Park,16626,F,2,1,0,2/20/2019,bangalore
room662,O'Reilly Group,65 Carpenter Lane,5687,M,1,0,0,3/31/2019,bangalore
room663,Rosenbaum-Dach,609 West Center,16453,F,2,1,0,9/21/2018,bangalore
room664,Corkery Inc,011 Mandrake Way,10634,M,2,0,0,1/31/2019,bangalore
room665,Christiansen-Rodriguez,5943 Norway Maple Plaza,19349,F,2,1,1,12/25/2018,bangalore
room666,Stoltenberg and Sons,51193 Golf Avenue,30865,all,3,1,1,4/12/2019,bangalore
room667,"Feeney, Gottlieb and Funk",245 Oakridge Road,33848,all,3,1,1,12/22/2018,bangalore
room668,"Moen, Corwin and Parisian",5198 Moulton Center,12853,M,2,0,0,5/24/2018,bangalore
room669,Crooks-Oberbrunner,894 Pleasure Crossing,14038,M,2,0,0,2/24/2019,bangalore
room670,"Murazik, Roob and Stokes",2 Loeprich Junction,34144,all,3,1,1,2/22/2019,bangalore
room671,Pfeffer-Lebsack,716 Crescent Oaks Junction,26858,all,3,1,1,1/16/2019,bangalore
room672,"Yundt, Jacobi and King",1059 Dexter Road,28229,all,3,1,1,9/10/2018,bangalore
room673,"Macejkovic, Cronin and Considine",96675 Pierstorff Way,34384,all,3,1,1,3/14/2019,bangalore
room674,D'Amore Group,5216 Alpine Junction,28192,all,3,1,1,8/18/2018,bangalore
room675,Lemke-Crona,4 Iowa Crossing,20925,F,2,1,1,11/1/2018,bangalore
room676,Toy-Schamberger,48497 Kingsford Place,18979,F,2,1,1,2/10/2019,bangalore
room677,D'Amore Inc,6646 Forest Dale Center,11076,M,2,0,0,9/8/2018,bangalore
room678,Gorczany-Ryan,44222 Chinook Lane,34292,all,3,1,1,11/14/2018,bangalore
room679,Becker Inc,6684 Bellgrove Alley,9044,M,1,0,0,10/18/2018,bangalore
room680,McKenzie-Powlowski,3411 Derek Pass,34754,all,3,1,1,9/23/2018,bangalore
room681,Kozey-Anderson,38970 Carpenter Point,27981,all,3,1,1,10/7/2018,bangalore
room682,"Durgan, Cormier and Hamill",6 Dapin Terrace,6693,M,1,0,0,4/1/2019,bangalore
room683,Hartmann and Sons,44 Redwing Lane,11855,M,2,0,0,11/19/2018,bangalore
room684,Herman-O'Reilly,646 Shelley Court,20453,F,2,1,1,10/2/2018,bangalore
room685,Marks-O'Kon,443 Melby Parkway,34952,all,3,1,1,11/7/2018,bangalore
room686,Bauch Group,6016 Jenifer Hill,16437,F,2,1,0,4/10/2019,bangalore
room687,Simonis and Sons,386 Stephen Center,20474,F,2,1,1,10/6/2018,bangalore
room688,Renner LLC,3630 Pawling Place,32629,all,3,1,1,4/18/2019,bangalore
room689,"Adams, Koss and Runolfsdottir",79775 Larry Plaza,29267,all,3,1,1,1/21/2019,bangalore
room690,"Pouros, Parisian and McLaughlin",78131 Kipling Trail,7614,M,1,0,0,1/25/2019,bangalore
room691,"Kessler, Howell and Hoppe",6 Hovde Hill,19958,F,2,1,1,9/7/2018,bangalore
room692,"Bartoletti, O'Hara and Nader",71 Cardinal Hill,22848,F,2,1,1,5/8/2019,bangalore
room693,Mante and Sons,58871 Lawn Terrace,24693,F,2,1,1,9/4/2018,bangalore
room694,Fadel Group,5278 Clarendon Circle,23313,F,2,1,1,10/24/2018,bangalore
room695,McClure LLC,8881 Del Sol Circle,33261,all,3,1,1,5/7/2019,bangalore
room696,"Reichert, Klocko and Rowe",5390 Oneill Way,30187,all,3,1,1,9/4/2018,bangalore
room697,Altenwerth Group,29 Susan Way,27654,all,3,1,1,11/11/2018,bangalore
room698,"Daugherty, Hills and Rolfson",40 Pawling Lane,6261,M,1,0,0,8/3/2018,bangalore
room699,Fay Inc,1748 Fremont Lane,27328,all,3,1,1,9/22/2018,bangalore
room700,"Lynch, Oberbrunner and Pouros",320 Bartelt Pass,27766,all,3,1,1,5/2/2019,bangalore
room701,Spinka Group,12591 Crest Line Road,30552,all,3,1,1,6/15/2018,bangalore
room702,"Satterfield, Beatty and Hickle",986 5th Point,27845,all,3,1,1,7/10/2018,bangalore
room703,Walker-Haley,09 Westport Park,32795,all,3,1,1,10/25/2018,bangalore
room704,Cummings-Shields,21977 Dunning Way,5770,M,1,0,0,3/16/2019,bangalore
room705,"Lebsack, Morar and Denesik",9 Schiller Junction,16834,F,2,1,0,6/14/2018,bangalore
room706,"Jaskolski, Jakubowski and Bechtelar",3652 Gateway Point,32064,all,3,1,1,8/10/2018,bangalore
room707,Senger Inc,06746 Fordem Circle,9103,M,1,0,0,8/5/2018,bangalore
room708,"Powlowski, Towne and Lueilwitz",45 Hoepker Junction,10701,M,2,0,0,11/17/2018,bangalore
room709,Frami Group,03936 Havey Terrace,32606,all,3,1,1,6/10/2018,bangalore
room710,Altenwerth Inc,42519 Beilfuss Court,20754,F,2,1,1,3/14/2019,bangalore
room711,McDermott Inc,34294 Chive Junction,7483,M,1,0,0,10/7/2018,bangalore
room712,Schiller-Terry,4457 Vera Place,11809,M,2,0,0,8/20/2018,bangalore
room713,"Cremin, Boehm and Waelchi",2 Rutledge Place,30760,all,3,1,1,8/15/2018,bangalore
room714,"Weber, Gleason and McCullough",265 Gina Trail,33787,all,3,1,1,4/4/2019,bangalore
room715,Johnson and Sons,58 Heath Parkway,21693,F,2,1,1,11/28/2018,bangalore
room716,Witting-Kohler,2 Cody Junction,6280,M,1,0,0,12/16/2018,bangalore
room717,Nikolaus and Sons,668 Cardinal Plaza,20674,F,2,1,1,9/28/2018,bangalore
room718,"Orn, Nitzsche and Veum",28555 Forest Trail,26584,all,3,1,1,12/25/2018,bangalore
room719,Wehner Inc,78812 Alpine Pass,15728,F,2,0,0,9/9/2018,bangalore
room720,"Blick, Padberg and Schamberger",69 Chinook Place,8944,M,1,0,0,12/15/2018,bangalore
room721,Rodriguez LLC,22 Hallows Lane,10268,M,2,0,0,3/26/2019,bangalore
room722,Walker-Beahan,614 Clyde Gallagher Circle,18163,F,2,1,1,6/18/2018,bangalore
room723,Borer-Frami,120 Anhalt Crossing,32241,all,3,1,1,5/26/2018,bangalore
room724,Kris and Sons,683 Shoshone Hill,34619,all,3,1,1,9/7/2018,bangalore
room725,Wintheiser-Batz,857 Maple Hill,5409,M,1,0,0,2/24/2019,bangalore
room726,Ebert LLC,92 Magdeline Park,18514,F,2,1,1,3/3/2019,bangalore
room727,Jacobi Inc,224 Fremont Street,20514,F,2,1,1,6/7/2018,bangalore
room728,Orn Group,5162 Sunnyside Point,22303,F,2,1,1,10/18/2018,bangalore
room729,Moore Inc,9127 Killdeer Place,31759,all,3,1,1,1/1/2019,bangalore
room730,"Lubowitz, D'Amore and Hoppe",2 Bartelt Point,13538,M,2,0,0,9/4/2018,bangalore
room731,"Schultz, Goldner and Huels",3 Beilfuss Street,24034,F,2,1,1,10/9/2018,bangalore
room732,Davis Group,269 Hazelcrest Trail,18533,F,2,1,1,8/17/2018,bangalore
room733,Fritsch and Sons,02043 Schlimgen Avenue,31611,all,3,1,1,10/13/2018,bangalore
room734,Hintz LLC,488 Ruskin Terrace,25559,all,3,1,1,6/14/2018,bangalore
room735,Cremin-Murray,4660 Corry Lane,28397,all,3,1,1,6/16/2018,bangalore
room736,Wilkinson-Stark,4944 High Crossing Crossing,24146,F,2,1,1,11/13/2018,bangalore
room737,"Bergnaum, Jerde and Ferry",50 Schiller Place,29561,all,3,1,1,5/25/2018,bangalore
room738,Brakus LLC,91 Moland Park,8344,M,1,0,0,4/23/2019,bangalore
room739,Mayer-Reichel,47 Ridge Oak Street,15736,F,2,0,0,12/31/2018,bangalore
room740,"Hirthe, Tromp and Ward",56939 Londonderry Center,14057,M,2,0,0,4/10/2019,bangalore
room741,Weber-Rolfson,91176 Farmco Trail,19596,F,2,1,1,1/7/2019,bangalore
room742,"Hyatt, Pfeffer and Senger",752 Carioca Lane,25264,all,3,1,1,11/26/2018,bangalore
room743,Feest-Jerde,92808 Colorado Court,22332,F,2,1,1,2/5/2019,bangalore
room744,Sipes-Zulauf,1 Northfield Terrace,7480,M,1,0,0,9/15/2018,bangalore
room745,Jerde Inc,7078 Kingsford Court,23190,F,2,1,1,12/9/2018,bangalore
room746,Blick-Pollich,46 Monica Point,27770,all,3,1,1,12/4/2018,bangalore
room747,Lueilwitz Group,78011 Continental Plaza,32225,all,3,1,1,3/15/2019,bangalore
room748,Bernier-Goyette,31769 Village Green Park,7695,M,1,0,0,3/15/2019,bangalore
room749,Steuber LLC,426 Heath Way,19216,F,2,1,1,2/20/2019,bangalore
room750,Olson-Kuhlman,1 Declaration Lane,11272,M,2,0,0,7/11/2018,bangalore
room751,Breitenberg and Sons,3160 Stuart Plaza,31611,all,3,1,1,1/28/2019,bangalore
room752,Cruickshank LLC,98290 Duke Terrace,19721,F,2,1,1,7/16/2018,bangalore
room753,Wintheiser-Murray,9 6th Drive,24351,F,2,1,1,12/18/2018,bangalore
room754,Schuppe-Okuneva,20 Graedel Place,29098,all,3,1,1,10/8/2018,bangalore
room755,McGlynn Group,41 Spohn Point,31513,all,3,1,1,8/2/2018,bangalore
room756,"Bergstrom, Waters and Dickens",56146 Farragut Place,32000,all,3,1,1,10/8/2018,bangalore
room757,"Dietrich, Fisher and Gibson",8 Esch Court,28895,all,3,1,1,8/22/2018,bangalore
room758,Walter-Cruickshank,4 Crownhardt Place,19249,F,2,1,1,1/3/2019,bangalore
room759,"Satterfield, Crooks and Halvorson",6468 Reinke Road,27837,all,3,1,1,4/4/2019,bangalore
room760,Shanahan and Sons,0670 Mayer Plaza,12153,M,2,0,0,10/14/2018,bangalore
room761,Vandervort-Weber,5132 Fuller Place,5611,M,1,0,0,2/8/2019,bangalore
room762,"Kessler, Lebsack and Howell",42976 Loftsgordon Road,31670,all,3,1,1,3/29/2019,bangalore
room763,"Durgan, Cronin and Towne",25906 Petterle Court,13298,M,2,0,0,6/21/2018,bangalore
room764,"Morar, Hudson and Nienow",9 Daystar Point,18285,F,2,1,1,12/6/2018,bangalore
room765,"MacGyver, Kertzmann and Kunde",2 Sauthoff Street,5436,M,1,0,0,1/22/2019,bangalore
room766,"Brekke, Sauer and Wyman",4 Mendota Center,9259,M,1,0,0,7/11/2018,bangalore
room767,Brekke and Sons,2775 Lindbergh Hill,16774,F,2,1,0,4/30/2019,bangalore
room768,Ondricka and Sons,52310 Grover Terrace,20095,F,2,1,1,1/31/2019,bangalore
room769,Thompson-Howe,165 Tomscot Street,6046,M,1,0,0,12/23/2018,bangalore
room770,Cartwright LLC,95603 Heffernan Hill,24287,F,2,1,1,6/7/2018,bangalore
room771,"Johns, Jones and Jakubowski",4688 Manufacturers Plaza,10479,M,2,0,0,6/13/2018,bangalore
room772,"Walker, Kreiger and Marks",15711 Dennis Avenue,34299,all,3,1,1,3/28/2019,bangalore
room773,"Trantow, Williamson and Wisozk",08 Dexter Street,14744,M,2,0,0,5/23/2018,bangalore
room774,Kozey Group,06047 Dawn Crossing,14217,M,2,0,0,7/11/2018,bangalore
room775,"Mills, Kris and Veum",84611 American Hill,11083,M,2,0,0,8/22/2018,bangalore
room776,"Purdy, Tromp and Gaylord",77408 Sachtjen Way,6690,M,1,0,0,11/14/2018,bangalore
room777,"Hane, Larkin and Dibbert",8 American Ash Terrace,15673,F,2,0,0,6/24/2018,bangalore
room778,"Runte, Oberbrunner and Wehner",257 Little Fleur Circle,13045,M,2,0,0,7/21/2018,bangalore
room779,Mante-Denesik,5679 Brickson Park Pass,34596,all,3,1,1,11/15/2018,bangalore
room780,"Heathcote, Bergstrom and Sanford",852 Tennyson Trail,7380,M,1,0,0,6/13/2018,bangalore
room781,"Muller, Kshlerin and Runte",87013 Trailsway Alley,13826,M,2,0,0,5/5/2019,bangalore
room782,Lind Inc,713 Kedzie Avenue,29263,all,3,1,1,10/26/2018,bangalore
room783,"Haag, Mraz and Reinger",9217 Merchant Lane,22757,F,2,1,1,2/16/2019,bangalore
room784,Swift Inc,577 Kennedy Parkway,24797,F,2,1,1,9/21/2018,bangalore
room785,Shields-McLaughlin,921 Maple Terrace,10078,M,2,0,0,7/26/2018,bangalore
room786,"O'Keefe, Harris and O'Keefe",1 Pierstorff Drive,25155,all,3,1,1,5/1/2019,bangalore
room787,Beatty Group,81425 Bluejay Place,31080,all,3,1,1,3/23/2019,bangalore
room788,"Hyatt, Feeney and Ritchie",9 Judy Way,27737,all,3,1,1,8/16/2018,bangalore
room789,Dickens-Abshire,796 Westridge Road,5065,M,1,0,0,7/16/2018,bangalore
room790,Armstrong and Sons,0 Sycamore Hill,15237,F,2,0,0,8/8/2018,bangalore
room791,Fritsch-Rempel,4472 Killdeer Avenue,30713,all,3,1,1,3/11/2019,bangalore
room792,"Little, Mayer and Bashirian",25650 Barby Junction,6616,M,1,0,0,8/24/2018,bangalore
room793,Erdman-Christiansen,969 Cordelia Court,17994,F,2,1,0,2/28/2019,bangalore
room794,Monahan-Aufderhar,636 Scofield Pass,24029,F,2,1,1,5/24/2018,bangalore
room795,Purdy Group,8 Sunbrook Way,22649,F,2,1,1,2/13/2019,bangalore
room796,Rice Inc,7725 Bashford Point,7961,M,1,0,0,7/27/2018,bangalore
room797,Von-Donnelly,565 Debra Trail,5099,M,1,0,0,6/21/2018,bangalore
room798,Jacobs LLC,16 Crest Line Hill,31182,all,3,1,1,12/3/2018,bangalore
room799,Schoen-Gutmann,9 Tennyson Junction,11161,M,2,0,0,3/11/2019,bangalore
room800,Blick LLC,4 Crownhardt Alley,29000,all,3,1,1,8/3/2018,bangalore
room801,Blanda LLC,28178 Sundown Terrace,28154,all,3,1,1,7/29/2018,bangalore
room802,"Durgan, Parisian and Brakus",18 Donald Terrace,23164,F,2,1,1,2/11/2019,bangalore
room803,O'Keefe-Effertz,74 Independence Alley,6419,M,1,0,0,1/2/2019,bangalore
room804,"Champlin, Blick and Roob",01258 Independence Hill,9721,M,1,0,0,9/22/2018,bangalore
room805,Waelchi-Erdman,8 Bluejay Pass,7048,M,1,0,0,12/29/2018,bangalore
room806,Glover-Skiles,629 Lien Court,13118,M,2,0,0,3/3/2019,bangalore
room807,"Wisoky, Ledner and Bogan",62 Talisman Center,5089,M,1,0,0,8/4/2018,bangalore
room808,Predovic-Feil,2 Rieder Road,21896,F,2,1,1,12/13/2018,bangalore
room809,Hilpert-Lockman,5336 Sullivan Terrace,33591,all,3,1,1,3/8/2019,bangalore
room810,White-Hahn,1 Eagle Crest Pass,26441,all,3,1,1,8/27/2018,bangalore
room811,Dach-Hegmann,3796 Park Meadow Park,17243,F,2,1,0,8/27/2018,bangalore
room812,Kunde-Pfeffer,37 Londonderry Place,26519,all,3,1,1,5/5/2019,bangalore
room813,"Breitenberg, Barrows and Dietrich",3 Kennedy Trail,16527,F,2,1,0,4/13/2019,bangalore
room814,"Lindgren, Veum and Lang",874 Wayridge Plaza,27807,all,3,1,1,10/4/2018,bangalore
room815,"Emmerich, Stroman and Altenwerth",823 Burning Wood Trail,10147,M,2,0,0,6/28/2018,bangalore
room816,Beahan-Grimes,1 Stone Corner Junction,20562,F,2,1,1,11/7/2018,bangalore
room817,"Bartell, Schowalter and Reichert",9 Barnett Point,8564,M,1,0,0,9/12/2018,bangalore
room818,"Brown, Shields and Goldner",76662 Kings Center,6051,M,1,0,0,8/23/2018,bangalore
room819,"McCullough, Bartell and Herman",2 Corben Trail,28338,all,3,1,1,2/21/2019,bangalore
room820,"Lehner, Wyman and Mosciski",494 American Ash Court,7132,M,1,0,0,2/6/2019,bangalore
room821,Osinski Group,6098 Hermina Park,11328,M,2,0,0,2/6/2019,bangalore
room822,"Kemmer, Dickinson and Pollich",0 Eastlawn Circle,25850,all,3,1,1,11/18/2018,bangalore
room823,Satterfield Inc,980 Swallow Junction,13533,M,2,0,0,11/13/2018,bangalore
room824,Walter Inc,2176 Erie Place,24910,F,2,1,1,10/2/2018,bangalore
room825,"Skiles, Kunde and Yost",5 Rusk Avenue,12485,M,2,0,0,1/3/2019,bangalore
room826,"Wilderman, Will and Schneider",4244 Troy Alley,34965,all,3,1,1,9/20/2018,bangalore
room827,"Zulauf, Goodwin and Kertzmann",97 Kinsman Point,21930,F,2,1,1,1/6/2019,bangalore
room828,Kassulke-Daniel,74 Mcguire Trail,25505,all,3,1,1,7/8/2018,bangalore
room829,Gaylord and Sons,062 Jana Hill,11997,M,2,0,0,6/6/2018,bangalore
room830,Schuppe-Runolfsdottir,488 Riverside Trail,7688,M,1,0,0,12/4/2018,bangalore
room831,Pouros-Roob,5911 Lakewood Gardens Point,9187,M,1,0,0,5/10/2019,bangalore
room832,"Ondricka, Spinka and Nienow",523 Harbort Trail,31430,all,3,1,1,6/14/2018,bangalore
room833,Schmeler-Hills,0444 Hanover Way,11381,M,2,0,0,3/6/2019,bangalore
room834,Keebler-Wolff,1321 Village Green Court,14989,M,2,0,0,7/16/2018,bangalore
room835,"Tromp, Thiel and Gerhold",0 Hoepker Pass,5126,M,1,0,0,3/31/2019,bangalore
room836,Franecki Group,5 Pleasure Park,17260,F,2,1,0,12/27/2018,bangalore
room837,"Johns, Runolfsson and McCullough",0247 6th Parkway,19782,F,2,1,1,3/26/2019,bangalore
room838,Connelly LLC,91697 Thackeray Hill,33663,all,3,1,1,12/4/2018,bangalore
room839,Wehner-Connelly,2265 Karstens Center,21058,F,2,1,1,2/28/2019,bangalore
room840,Beahan-Hamill,1014 Manley Road,10760,M,2,0,0,12/5/2018,bangalore
room841,"Wisoky, Bernhard and Jakubowski",571 Bobwhite Circle,25997,all,3,1,1,4/14/2019,bangalore
room842,Wisozk-Predovic,320 Elgar Court,19176,F,2,1,1,3/11/2019,bangalore
room843,"Gislason, Bergstrom and Carroll",3830 Troy Park,6589,M,1,0,0,4/14/2019,bangalore
room844,"Friesen, Rau and Schimmel",685 Redwing Alley,31602,all,3,1,1,10/5/2018,bangalore
room845,"Witting, Satterfield and Rogahn",2147 Spohn Park,33707,all,3,1,1,4/11/2019,bangalore
room846,"Halvorson, Hirthe and Hahn",2 Truax Terrace,8725,M,1,0,0,1/11/2019,bangalore
room847,Hauck Group,24 Arapahoe Drive,7148,M,1,0,0,4/6/2019,bangalore
room848,"Bogisich, McCullough and McClure",55 Waywood Street,22911,F,2,1,1,9/12/2018,bangalore
room849,"Ziemann, Brakus and Lindgren",6609 Welch Lane,28683,all,3,1,1,12/14/2018,bangalore
room850,Boyle-Rempel,01 Victoria Park,8550,M,1,0,0,7/23/2018,bangalore
room851,"Collins, Walter and Hilpert",4866 Bowman Circle,10064,M,2,0,0,4/28/2019,bangalore
room852,Kertzmann-Collins,3302 Myrtle Park,31869,all,3,1,1,7/23/2018,bangalore
room853,Ferry-Jast,924 Mariners Cove Pass,28740,all,3,1,1,5/23/2018,bangalore
room854,"Oberbrunner, Koepp and Rogahn",0647 Tomscot Center,32901,all,3,1,1,3/15/2019,bangalore
room855,Glover-Greenfelder,624 Nelson Street,12986,M,2,0,0,2/1/2019,bangalore
room856,"Cole, Swift and Bergstrom",8932 Roxbury Terrace,7830,M,1,0,0,6/8/2018,bangalore
room857,"Parisian, Ondricka and Schuppe",4669 Stuart Way,12198,M,2,0,0,1/3/2019,bangalore
room858,Kuhlman-Renner,67308 American Drive,18944,F,2,1,1,7/17/2018,bangalore
room859,Murazik-Wiza,40 Arapahoe Trail,24068,F,2,1,1,7/8/2018,bangalore
room860,Murray-Fritsch,2780 Declaration Pass,13064,M,2,0,0,4/24/2019,bangalore
room861,Feest-Blick,4137 4th Way,29231,all,3,1,1,6/25/2018,bangalore
room862,"Ernser, Bergnaum and Towne",665 Golf View Center,9887,M,1,0,0,5/13/2019,bangalore
room863,Goodwin and Sons,80963 Walton Place,12721,M,2,0,0,5/23/2018,bangalore
room864,Senger-Moen,775 Debs Terrace,19114,F,2,1,1,4/17/2019,bangalore
room865,Torp LLC,6346 Goodland Point,5745,M,1,0,0,11/1/2018,bangalore
room866,Boyer Inc,47155 Transport Crossing,7347,M,1,0,0,5/17/2019,bangalore
room867,Pfannerstill Group,12 Vera Pass,7481,M,1,0,0,6/28/2018,bangalore
room868,Gutmann-Goodwin,620 Northport Point,21544,F,2,1,1,2/16/2019,bangalore
room869,Klein-Metz,2 Pankratz Parkway,30999,all,3,1,1,8/27/2018,bangalore
room870,Hintz and Sons,4 Fairview Street,18777,F,2,1,1,8/26/2018,bangalore
room871,Kunze-Mohr,9 Westridge Junction,5738,M,1,0,0,6/10/2018,bangalore
room872,Willms Inc,4289 Portage Center,33229,all,3,1,1,7/3/2018,bangalore
room873,"Emmerich, Gerlach and Frami",8 Lerdahl Alley,25310,all,3,1,1,6/15/2018,bangalore
room874,Greenfelder-Powlowski,621 Mallard Crossing,25145,all,3,1,1,6/28/2018,bangalore
room875,"Schimmel, Yundt and Keebler",0389 Lighthouse Bay Plaza,23373,F,2,1,1,11/29/2018,bangalore
room876,"Turcotte, Kassulke and Gislason",57 Village Green Road,13026,M,2,0,0,12/13/2018,bangalore
room877,"Haley, Abshire and Altenwerth",04 Laurel Court,16682,F,2,1,0,5/2/2019,bangalore
room878,"Kilback, Torp and Pagac",9 Shasta Court,6370,M,1,0,0,7/8/2018,bangalore
room879,Parker Group,9 Sundown Parkway,16992,F,2,1,0,2/10/2019,bangalore
room880,"Predovic, Mraz and Collier",8959 School Hill,14538,M,2,0,0,12/7/2018,bangalore
room881,Quigley Inc,57080 Bayside Drive,26020,all,3,1,1,10/13/2018,bangalore
room882,"Kutch, Eichmann and Mohr",2166 Jackson Point,13859,M,2,0,0,10/11/2018,bangalore
room883,Kuphal-Witting,55003 Hayes Hill,25921,all,3,1,1,11/24/2018,bangalore
room884,Goldner-Gaylord,94519 Florence Center,11995,M,2,0,0,6/8/2018,bangalore
room885,"Lubowitz, Harvey and Wisozk",8483 Sommers Plaza,34611,all,3,1,1,4/1/2019,bangalore
room886,"Legros, Sporer and Ruecker",7 Granby Trail,14681,M,2,0,0,1/3/2019,bangalore
room887,Herzog-Rolfson,18 Northridge Hill,25884,all,3,1,1,6/10/2018,bangalore
room888,"Upton, Simonis and Kuhn",856 Bobwhite Hill,18639,F,2,1,1,3/2/2019,bangalore
room889,"Stoltenberg, Feeney and Block",96 Atwood Trail,13068,M,2,0,0,1/5/2019,bangalore
room890,Padberg Group,43 Kim Drive,22612,F,2,1,1,8/21/2018,bangalore
room891,"Hagenes, Yost and Friesen",7 Armistice Park,23373,F,2,1,1,1/25/2019,bangalore
room892,Abernathy-Kilback,28129 Meadow Vale Road,15573,F,2,0,0,11/1/2018,bangalore
room893,"Bernhard, Bashirian and Wunsch",7908 Cardinal Parkway,19729,F,2,1,1,4/5/2019,bangalore
room894,"Cremin, Lang and Connelly",7857 Westport Terrace,16976,F,2,1,0,7/13/2018,bangalore
room895,"Orn, Predovic and Leffler",35 Crescent Oaks Parkway,7103,M,1,0,0,5/4/2019,bangalore
room896,Rempel-Williamson,7 Brown Terrace,9527,M,1,0,0,5/8/2019,bangalore
room897,Spencer-Lehner,58 Dryden Court,25686,all,3,1,1,1/24/2019,bangalore
room898,Lueilwitz-Kihn,8 Pleasure Court,26098,all,3,1,1,2/4/2019,bangalore
room899,"Bechtelar, Klocko and Ryan",30401 Mendota Circle,28988,all,3,1,1,4/29/2019,bangalore
room900,Kohler Group,12 Hallows Drive,8977,M,1,0,0,11/7/2018,bangalore
room901,"Jacobi, Larson and Waelchi",856 Valley Edge Plaza,10330,M,2,0,0,12/13/2018,bangalore
room902,"Stroman, Stanton and McLaughlin",64 Loeprich Parkway,33840,all,3,1,1,2/21/2019,bangalore
room903,Stokes Inc,2890 Rieder Point,31793,all,3,1,1,5/10/2019,bangalore
room904,Thiel-Terry,1 Katie Street,33299,all,3,1,1,2/2/2019,bangalore
room905,Brown-Christiansen,66 Declaration Crossing,8302,M,1,0,0,11/15/2018,bangalore
room906,White Group,65 Moland Drive,23553,F,2,1,1,12/28/2018,bangalore
room907,Hermiston-King,4151 Lighthouse Bay Plaza,17808,F,2,1,0,2/26/2019,bangalore
room908,Swift-Fritsch,8877 Dorton Street,16905,F,2,1,0,7/8/2018,bangalore
room909,Osinski-Dickinson,70626 Arkansas Circle,17474,F,2,1,0,1/6/2019,bangalore
room910,"Greenfelder, Will and Blanda",3225 Talisman Junction,29080,all,3,1,1,9/15/2018,bangalore
room911,"Langworth, Waelchi and Lynch",43 Rigney Hill,9715,M,1,0,0,7/21/2018,bangalore
room912,Hagenes-Nitzsche,402 Montana Point,21551,F,2,1,1,8/16/2018,bangalore
room913,"Cremin, Gleichner and Jones",4695 Roxbury Center,13312,M,2,0,0,4/20/2019,bangalore
room914,Hintz-Mann,458 Hermina Alley,34690,all,3,1,1,3/26/2019,bangalore
room915,Little Group,1458 Truax Road,20091,F,2,1,1,1/11/2019,bangalore
room916,Thompson and Sons,0 Hoepker Drive,31527,all,3,1,1,4/11/2019,bangalore
room917,Langworth Inc,510 Esch Point,23623,F,2,1,1,12/9/2018,bangalore
room918,"Rolfson, Swift and Wolf",6 Arkansas Junction,11144,M,2,0,0,7/8/2018,bangalore
room919,Schroeder-Kreiger,66968 Ludington Alley,17671,F,2,1,0,11/13/2018,bangalore
room920,"Harvey, Krajcik and O'Keefe",526 Clyde Gallagher Lane,14639,M,2,0,0,6/3/2018,bangalore
room921,Quigley LLC,62 Fuller Point,19107,F,2,1,1,9/17/2018,bangalore
room922,"Satterfield, Stokes and Harber",0 Mayer Pass,15085,F,2,0,0,6/17/2018,bangalore
room923,"Jacobs, Funk and Waters",824 Dayton Terrace,18252,F,2,1,1,3/31/2019,bangalore
room924,Kuvalis-Fadel,34 1st Way,17698,F,2,1,0,12/10/2018,bangalore
room925,"Koepp, Kunze and Schneider",844 La Follette Circle,18571,F,2,1,1,1/7/2019,bangalore
room926,Gerhold Inc,39731 Mcguire Road,22279,F,2,1,1,11/11/2018,bangalore
room927,Hamill LLC,68 Pierstorff Place,19115,F,2,1,1,12/2/2018,bangalore
room928,Kub-Haag,2 Superior Road,5686,M,1,0,0,12/27/2018,bangalore
room929,Wunsch-West,7756 Moulton Drive,27675,all,3,1,1,4/29/2019,bangalore
room930,Wisozk LLC,44 Bowman Crossing,11518,M,2,0,0,11/1/2018,bangalore
room931,Pouros Group,10 Straubel Terrace,18003,F,2,1,1,6/10/2018,bangalore
room932,Runolfsson-Oberbrunner,1 Schiller Alley,30932,all,3,1,1,9/7/2018,bangalore
room933,"Kerluke, Carroll and Feeney",9 Dayton Crossing,26855,all,3,1,1,11/11/2018,bangalore
room934,Thiel-Bahringer,871 Becker Court,7355,M,1,0,0,12/9/2018,bangalore
room935,"Kunze, MacGyver and Russel",81 Johnson Point,32507,all,3,1,1,8/11/2018,bangalore
room936,"Raynor, Dibbert and Kohler",5 Evergreen Trail,28852,all,3,1,1,10/21/2018,bangalore
room937,"Emmerich, Dickens and Hodkiewicz",29 Sachs Junction,34641,all,3,1,1,5/6/2019,bangalore
room938,Kertzmann-Schuppe,42393 Barby Park,12721,M,2,0,0,1/7/2019,bangalore
room939,Cronin-Quitzon,9887 Melvin Terrace,10390,M,2,0,0,3/22/2019,bangalore
room940,Conn-Schuppe,697 Glendale Trail,28869,all,3,1,1,12/19/2018,bangalore
room941,Franecki Group,47 Pankratz Way,17665,F,2,1,0,12/24/2018,bangalore
room942,"Howell, Schimmel and Powlowski",029 Brown Place,5344,M,1,0,0,8/26/2018,bangalore
room943,Rowe LLC,14 Ridgeway Pass,10026,M,2,0,0,9/22/2018,bangalore
room944,"Bednar, Wunsch and Haley",62673 Merry Avenue,22936,F,2,1,1,11/15/2018,bangalore
room945,Reynolds-Hoeger,7 Lyons Terrace,11395,M,2,0,0,8/6/2018,bangalore
room946,"Beier, Stokes and Keeling",0 Forster Road,27171,all,3,1,1,4/17/2019,bangalore
room947,"Schoen, Cartwright and Lueilwitz",7599 Cascade Junction,29734,all,3,1,1,3/17/2019,bangalore
room948,Hayes-Wiegand,57294 Northwestern Way,27154,all,3,1,1,9/28/2018,bangalore
room949,Dibbert-O'Keefe,6518 3rd Avenue,15197,F,2,0,0,4/22/2019,bangalore
room950,Macejkovic and Sons,28 Miller Park,26642,all,3,1,1,1/11/2019,bangalore
room951,Renner LLC,670 Elmside Park,34647,all,3,1,1,7/4/2018,bangalore
room952,Runolfsson-Hane,687 Bluestem Trail,23498,F,2,1,1,8/7/2018,bangalore
room953,"Dach, Legros and Glover",492 Delaware Hill,17966,F,2,1,0,5/23/2018,bangalore
room954,Eichmann-Fay,4 Di Loreto Circle,30037,all,3,1,1,10/27/2018,bangalore
room955,Larkin and Sons,682 Reinke Point,24298,F,2,1,1,7/22/2018,bangalore
room956,Lesch Inc,8451 Artisan Park,32246,all,3,1,1,6/14/2018,bangalore
room957,"Grimes, Lockman and Aufderhar",0 Bonner Avenue,29086,all,3,1,1,12/11/2018,bangalore
room958,"Schamberger, Lebsack and Carter",92788 Oxford Pass,13442,M,2,0,0,7/30/2018,bangalore
room959,Jaskolski-Cummings,4 Gerald Drive,16097,F,2,1,0,4/27/2019,bangalore
room960,"Casper, Williamson and Adams",791 Dorton Terrace,30219,all,3,1,1,6/17/2018,bangalore
room961,"Green, Schaden and Roberts",179 Summer Ridge Park,33131,all,3,1,1,3/7/2019,bangalore
room962,Schmitt-Wiza,76 Carpenter Alley,10170,M,2,0,0,8/26/2018,bangalore
room963,Schiller Group,522 Mccormick Circle,21999,F,2,1,1,4/27/2019,bangalore
room964,"Orn, Gusikowski and Bayer",8 Heath Avenue,33487,all,3,1,1,2/11/2019,bangalore
room965,Haag-Smitham,97396 Summit Court,27700,all,3,1,1,3/12/2019,bangalore
room966,Leuschke-Rohan,6019 Dorton Avenue,20486,F,2,1,1,1/17/2019,bangalore
room967,"Hettinger, Lynch and Heller",55270 Crowley Parkway,15026,F,2,0,0,6/25/2018,bangalore
room968,Kertzmann Inc,71793 Ruskin Center,21278,F,2,1,1,8/10/2018,bangalore
room969,Schroeder-MacGyver,7 Kedzie Way,20900,F,2,1,1,2/2/2019,bangalore
room970,Fahey-King,528 Dunning Avenue,25035,all,3,1,1,3/9/2019,bangalore
room971,Konopelski and Sons,914 Porter Street,15336,F,2,0,0,11/18/2018,bangalore
room972,"Mayer, Hoppe and Kshlerin",9 Hooker Park,33177,all,3,1,1,9/14/2018,bangalore
room973,Cremin LLC,42221 Toban Alley,25623,all,3,1,1,4/26/2019,bangalore
room974,"Cole, Purdy and Lakin",87065 Forest Crossing,23164,F,2,1,1,8/11/2018,bangalore
room975,Boyle-Considine,676 Laurel Alley,12487,M,2,0,0,3/18/2019,bangalore
room976,Lesch Inc,262 Hintze Trail,29082,all,3,1,1,11/3/2018,bangalore
room977,"Kertzmann, Leuschke and Larkin",13119 Stone Corner Parkway,6629,M,1,0,0,12/31/2018,bangalore
room978,Ortiz-Johnston,28 Mallory Park,15951,F,2,0,0,2/27/2019,bangalore
room979,"Jast, Ruecker and Schaden",39 Commercial Circle,11991,M,2,0,0,3/4/2019,bangalore
room980,Dickinson-Connelly,96 Veith Point,33014,all,3,1,1,3/30/2019,bangalore
room981,Hills-Mertz,55751 Warbler Parkway,18158,F,2,1,1,7/19/2018,bangalore
room982,Witting Inc,4894 Brickson Park Point,11663,M,2,0,0,8/22/2018,bangalore
room983,Zemlak-Kerluke,5 Springs Lane,24715,F,2,1,1,2/25/2019,bangalore
room984,"Becker, Wilkinson and Botsford",3 Petterle Avenue,20767,F,2,1,1,1/27/2019,bangalore
room985,Marquardt-Daniel,92851 Sunfield Way,8833,M,1,0,0,4/21/2019,bangalore
room986,"Wehner, O'Hara and Turner",23 Derek Drive,16314,F,2,1,0,6/25/2018,bangalore
room987,Boehm and Sons,14168 Hanson Pass,26716,all,3,1,1,1/17/2019,bangalore
room988,Gutmann-Parker,2 Anthes Terrace,28861,all,3,1,1,12/27/2018,bangalore
room989,Farrell Group,25122 Farwell Lane,16871,F,2,1,0,4/16/2019,bangalore
room990,"Larson, McLaughlin and Bogan",5178 Huxley Park,27842,all,3,1,1,10/8/2018,bangalore
room991,Stroman-Boyer,23404 Namekagon Trail,5303,M,1,0,0,3/11/2019,bangalore
room992,Jones-Deckow,46993 Sunnyside Road,14008,M,2,0,0,7/11/2018,bangalore
room993,"Von, Hills and Welch",9973 Hooker Way,20492,F,2,1,1,6/30/2018,bangalore
room994,"Zulauf, Orn and Auer",0 Transport Park,15315,F,2,0,0,2/24/2019,bangalore
room995,Becker Inc,9679 East Circle,29796,all,3,1,1,2/19/2019,bangalore
room996,Boyer-Lynch,596 Stang Plaza,9839,M,1,0,0,7/3/2018,bangalore
room997,"Pacocha, Casper and O'Reilly",71 Bobwhite Street,11976,M,2,0,0,7/6/2018,bangalore
room998,Gorczany-Harris,0750 Kenwood Point,5849,M,1,0,0,10/7/2018,bangalore
room999,"Hettinger, Reilly and Mohr",78 Dorton Plaza,13588,M,2,0,0,6/23/2018,bangalore
room1000,Pollich Inc,79 Pankratz Trail,33476,all,3,1,1,12/11/2018,bangalore
