tenantId,title,tenantName,emailAddress,gender,minBudget,maxBudget,parking,age,married,startDate,location
tenant1,Mr,Grayce Wigglesworth,ejorden0@seesaa.net,M,7790,17812,1,30,TRUE,13-Oct-18,Bangalore
tenant2,Mr,Roosevelt Lamswood,nseemmonds1@lycos.com,M,5484,11160,0,36,TRUE,25-Sep-18,Bangalore
tenant3,Mr,Ophelie Gerant,mhastelow2@biglobe.ne.jp,M,7485,10838,0,58,TRUE,18-Sep-18,Bangalore
tenant4,Dr,Ronny Dorian,dgwilliam3@google.com.au,M,6505,29094,1,36,TRUE,21-May-18,Bangalore
tenant5,Mr,Port Stollberg,adavison4@cnbc.com,M,5191,14421,0,57,TRUE,12-Jul-18,Bangalore
tenant6,Ms,Lyda Sherar,pburchmore5@blogtalkradio.com,F,6607,28926,1,25,TRUE,11-Dec-18,Bangalore
tenant7,Ms,Kyrstin Izachik,kpearcey6@wisc.edu,F,6412,25368,1,42,FALSE,26-Oct-18,Bangalore
tenant8,Ms,Goldina Sallenger,rcuddon7@omniture.com,F,7383,29883,1,32,TRUE,20-Nov-18,Bangalore
tenant9,Ms,Neile Kerrigan,jboultwood8@dyndns.org,F,6289,29283,1,34,FALSE,16-Feb-19,Bangalore
tenant10,Ms,Elladine Broy,lkarolewski9@arizona.edu,F,6351,17400,1,31,FALSE,10-Mar-19,Bangalore
tenant11,Ms,Marcellina Withur,zpavyera@auda.org.au,F,5034,13936,0,35,FALSE,3-Dec-18,Bangalore
tenant12,Ms,Warren O'Dyvoy,edorganb@shinystat.com,F,6636,16637,1,26,FALSE,9-May-19,Bangalore
tenant13,Mr,Glendon Broadbridge,lpackerc@japanpost.jp,M,5046,10389,0,24,FALSE,27-Jul-18,Bangalore
tenant14,Ms,Tate Bagge,bmcmasterd@myspace.com,F,5396,20288,1,29,FALSE,19-Jun-18,Bangalore
tenant15,Mr,Nertie Legan,pkeddlee@hibu.com,M,6235,10747,0,38,TRUE,29-Mar-19,Bangalore
tenant16,Ms,Mariquilla Meacher,sregenhardtf@gov.uk,F,6699,20329,1,60,FALSE,8-May-19,Bangalore
tenant17,Ms,Olvan Stubbin,wrudallg@walmart.com,F,5902,13404,0,58,FALSE,25-Dec-18,Bangalore
tenant18,Ms,Chadd Sawer,olariveh@about.me,F,6750,13448,0,55,FALSE,12-Mar-19,Bangalore
tenant19,Ms,Kendall Offord,sodennehyi@canalblog.com,F,6552,20667,1,48,FALSE,23-Mar-19,Bangalore
tenant20,Dr,Rancell Crat,dschachj@google.pl,M,7264,23632,1,23,TRUE,11-Aug-18,Bangalore
tenant21,Ms,Nigel Braidwood,pescoffierk@engadget.com,F,5213,13065,0,25,TRUE,10-Mar-19,Bangalore
tenant22,Dr,Robinet Hadigate,dhatherleighl@digg.com,M,6815,27826,1,46,FALSE,14-Nov-18,Bangalore
tenant23,Dr,Dianne Sherreard,goakwoodm@twitter.com,M,6834,29604,1,34,TRUE,6-Apr-19,Bangalore
tenant24,Dr,Yance Kimbling,lbynertn@webmd.com,M,7679,26925,1,49,TRUE,11-Feb-19,Bangalore
tenant25,Ms,Baxter Silkston,rbeggino@163.com,F,6148,24595,1,36,FALSE,25-Jul-18,Bangalore
tenant26,Dr,Jarrod Poland,bsparshuttp@tiny.cc,M,7834,27707,1,48,FALSE,10-Oct-18,Bangalore
tenant27,Ms,Jareb Sneyd,nbodmanq@indiatimes.com,F,7067,11344,0,53,FALSE,17-Jan-19,Bangalore
tenant28,Ms,Morse Reskelly,apuryr@washington.edu,F,7345,22115,1,48,TRUE,1-Aug-18,Bangalore
tenant29,Ms,Norrie Iwanowicz,cboncores@free.fr,F,6810,18170,1,23,TRUE,24-May-18,Bangalore
tenant30,Ms,Irene Tollerfield,rphilippst@printfriendly.com,F,7336,26705,1,28,FALSE,9-Aug-18,Bangalore
tenant31,Ms,Bertrand Jablonski,ahavelinu@nps.gov,F,7356,29721,1,43,TRUE,5-Oct-18,Bangalore
tenant32,Mr,Shandy Bartak,chowettv@jiathis.com,M,6490,16485,1,35,FALSE,25-May-18,Bangalore
tenant33,Dr,Pam Blamey,cmingaudw@cmu.edu,M,5154,22830,1,51,TRUE,14-Feb-19,Bangalore
tenant34,Mr,Yorgos Bockman,eishchenkox@so-net.ne.jp,M,6590,19053,1,55,TRUE,28-Jul-18,Bangalore
tenant35,Mr,Corliss Goodright,cjanciky@foxnews.com,M,7701,10220,0,51,FALSE,11-Oct-18,Bangalore
tenant36,Dr,Mallory Byrde,nlukez@nature.com,M,7040,28280,1,46,TRUE,5-Jul-18,Bangalore
tenant37,Ms,Noemi Chamberlen,dcowope10@freewebs.com,F,5777,25777,1,29,FALSE,15-Jun-18,Bangalore
tenant38,Ms,Genevieve Gissop,rscarsbrook11@intel.com,F,7404,29228,1,60,FALSE,2-Jun-18,Bangalore
tenant39,Dr,Brandtr Kernoghan,kstewart12@bigcartel.com,M,6904,22077,1,37,FALSE,9-Apr-19,Bangalore
tenant40,Ms,Axel Absolom,hgiriardelli13@wikia.com,F,7739,24699,1,30,TRUE,17-Sep-18,Bangalore
tenant41,Dr,Cameron Desborough,aprestage14@amazon.co.uk,M,6171,29238,1,55,TRUE,9-Oct-18,Bangalore
tenant42,Ms,Cordie Adenet,lbolus15@utexas.edu,F,5422,26120,1,53,FALSE,27-May-18,Bangalore
tenant43,Ms,Brier Eustis,tglinde16@arstechnica.com,F,5188,11831,0,44,FALSE,25-Mar-19,Bangalore
tenant44,Dr,Guillaume Risbrough,gbladesmith17@opensource.org,M,6085,21286,1,26,TRUE,1-Sep-18,Bangalore
tenant45,Dr,Fonzie Sarginson,mgrancher18@taobao.com,M,6986,25501,1,51,FALSE,3-Nov-18,Bangalore
tenant46,Dr,Jodie Cromleholme,mbriggs19@friendfeed.com,M,5422,23115,1,30,FALSE,14-Apr-19,Bangalore
tenant47,Ms,Innis Braznell,kskeggs1a@utexas.edu,F,7375,13327,0,52,TRUE,1-May-19,Bangalore
tenant48,Mr,Tate Frede,ciowarch1b@altervista.org,M,5318,17094,1,47,FALSE,7-Aug-18,Bangalore
tenant49,Ms,Enos Tregent,stollet1c@usda.gov,F,7303,19847,1,60,TRUE,6-Nov-18,Bangalore
tenant50,Ms,Marillin Piel,jbalderston1d@hibu.com,F,7381,19511,1,29,TRUE,4-Aug-18,Bangalore
tenant51,Dr,Lydon Knapton,tomarkey1e@arstechnica.com,M,7817,26513,1,24,FALSE,25-Sep-18,Bangalore
tenant52,Mr,Humberto Bonallick,kcastelot1f@list-manage.com,M,7499,18633,1,37,TRUE,11-Mar-19,Bangalore
tenant53,Dr,Elka Bickerdicke,gstroband1g@cnet.com,M,6861,29275,1,31,TRUE,26-Oct-18,Bangalore
tenant54,Ms,Phil Gambles,ecabrera1h@uiuc.edu,F,7313,15811,1,57,TRUE,26-Jun-18,Bangalore
tenant55,Ms,Dorita Ambrogio,jayres1i@aboutads.info,F,6093,17336,1,40,TRUE,23-Nov-18,Bangalore
tenant56,Mr,Shadow Staniford,rcardenosa1j@tripadvisor.com,M,5132,14878,0,47,FALSE,26-May-18,Bangalore
tenant57,Mr,Prudence Cauderlie,fandrzejczak1k@about.me,M,5822,16675,1,31,TRUE,3-Jun-18,Bangalore
tenant58,Ms,Daron Schurig,ccroom1l@hostgator.com,F,6680,28513,1,31,TRUE,19-Oct-18,Bangalore
tenant59,Dr,Lanette Wield,dranderson1m@blogs.com,M,7523,24384,1,38,TRUE,4-Feb-19,Bangalore
tenant60,Mr,Kassandra Baguley,odecleyne1n@utexas.edu,M,5526,15332,1,59,TRUE,26-Sep-18,Bangalore
tenant61,Dr,Benjy Sherred,taishford1o@comcast.net,M,6612,28916,1,27,TRUE,24-Aug-18,Bangalore
tenant62,Dr,Giff Whitechurch,arenner1p@mashable.com,M,6147,25268,1,37,FALSE,26-Jun-18,Bangalore
tenant63,Ms,Andris Sloss,atrevillion1q@tamu.edu,F,5395,16700,1,53,FALSE,6-Aug-18,Bangalore
tenant64,Dr,Ruthanne Greenway,cbraz1r@dell.com,M,7539,28456,1,50,FALSE,7-Jun-18,Bangalore
tenant65,Ms,Hartwell Jumel,aforstall1s@abc.net.au,F,7942,13337,0,23,TRUE,22-Jul-18,Bangalore
tenant66,Mr,Sherill Langran,cameerbeg1t@shop-pro.jp,M,5256,15299,1,40,TRUE,21-Apr-19,Bangalore
tenant67,Ms,Anna-diane Mattheis,rcurmi1u@deviantart.com,F,6022,11570,0,25,TRUE,14-May-19,Bangalore
tenant68,Dr,Wendell Edgeler,scastagnaro1v@4shared.com,M,6190,23497,1,57,FALSE,18-Apr-19,Bangalore
tenant69,Dr,Faina Patria,pbaggarley1w@blog.com,M,5576,29211,1,25,FALSE,26-Nov-18,Bangalore
tenant70,Dr,Roda Grelka,mharlock1x@networksolutions.com,M,7454,26315,1,30,FALSE,24-Sep-18,Bangalore
tenant71,Dr,Lauraine McCamish,ksuller1y@shareasale.com,M,6017,24446,1,58,TRUE,12-Jan-19,Bangalore
tenant72,Mr,Shelbi Hilbourne,thartland1z@ning.com,M,6674,11158,0,28,FALSE,19-Aug-18,Bangalore
tenant73,Dr,Gladi Hele,lbownas20@ask.com,M,5100,26766,1,42,FALSE,2-Sep-18,Bangalore
tenant74,Ms,Nolan Woolward,kstrutley21@last.fm,F,7330,28337,1,44,FALSE,26-Mar-19,Bangalore
tenant75,Ms,Nadeen Gaffer,odelhay22@livejournal.com,F,5143,16212,1,37,TRUE,29-Jan-19,Bangalore
tenant76,Ms,Hastie Fulcher,xrigmond23@list-manage.com,F,6411,26554,1,55,FALSE,10-Oct-18,Bangalore
tenant77,Ms,Zelma Roberson,akunzler24@thetimes.co.uk,F,7821,20785,1,45,FALSE,16-Jul-18,Bangalore
tenant78,Ms,Margaretha Orris,tminifie25@sourceforge.net,F,5001,19407,1,59,TRUE,23-Sep-18,Bangalore
tenant79,Ms,Gwyneth Errington,rmerring26@surveymonkey.com,F,5141,11793,0,36,TRUE,14-Jun-18,Bangalore
tenant80,Ms,Natala Lumsdaine,bgocher27@samsung.com,F,7742,20903,1,42,TRUE,13-Mar-19,Bangalore
tenant81,Mr,Corry Dagworthy,cnursey28@yolasite.com,M,7689,18228,1,56,FALSE,23-Dec-18,Bangalore
tenant82,Mr,Abe Mapstone,lmainwaring29@theglobeandmail.com,M,5021,18760,1,40,FALSE,20-Oct-18,Bangalore
tenant83,Mr,Natasha Gourley,vcarriage2a@macromedia.com,M,6869,10675,0,45,FALSE,17-Sep-18,Bangalore
tenant84,Ms,Nelli Sommerly,rjinkinson2b@nhs.uk,F,6666,16416,1,54,FALSE,12-Nov-18,Bangalore
tenant85,Ms,Clemente Romayn,clittledyke2c@alexa.com,F,7837,19769,1,48,TRUE,28-Jan-19,Bangalore
tenant86,Dr,Naomi Drackford,nrowden2d@seattletimes.com,M,7059,21452,1,55,FALSE,26-Jan-19,Bangalore
tenant87,Ms,Pete Fazakerley,jmcgillicuddy2e@disqus.com,F,6534,17249,1,42,FALSE,25-Feb-19,Bangalore
tenant88,Dr,Laureen Ivanovic,rjellybrand2f@sina.com.cn,M,5758,26835,1,44,TRUE,22-Mar-19,Bangalore
tenant89,Ms,Hanna Stiddard,twelton2g@pcworld.com,F,6401,13303,0,57,TRUE,12-Nov-18,Bangalore
tenant90,Mr,Jessie Christoffersen,rjohananoff2h@topsy.com,M,6108,10682,0,47,FALSE,12-Aug-18,Bangalore
tenant91,Mr,Ferris Cullinan,dmcauslene2i@ycombinator.com,M,7502,18975,1,31,FALSE,1-Nov-18,Bangalore
tenant92,Dr,Dulcea Kinastan,rmaskall2j@cnn.com,M,7147,23329,1,48,TRUE,8-Dec-18,Bangalore
tenant93,Ms,Bald Grandison,btomaszewicz2k@wisc.edu,F,7151,22500,1,42,TRUE,11-Jul-18,Bangalore
tenant94,Ms,Cristine Sutehall,abernadon2l@mac.com,F,7777,19412,1,56,TRUE,6-Mar-19,Bangalore
tenant95,Dr,Tyne Ramas,vemeny2m@booking.com,M,7063,28254,1,46,TRUE,10-Jul-18,Bangalore
tenant96,Ms,Idelle Garbett,brolfs2n@utexas.edu,F,7966,17466,1,46,FALSE,16-Jul-18,Bangalore
tenant97,Dr,Katy Stronghill,ppretley2o@nps.gov,M,6740,27056,1,30,FALSE,25-Jun-18,Bangalore
tenant98,Ms,Bethanne Goodere,mgarfirth2p@pcworld.com,F,7758,18286,1,30,FALSE,9-Apr-19,Bangalore
tenant99,Dr,Emmett Bayley,pkringe2q@weibo.com,M,6612,21105,1,38,TRUE,12-Nov-18,Bangalore
tenant100,Dr,Nichol Chettle,lwalasik2r@phoca.cz,M,7184,20637,1,35,FALSE,28-Feb-19,Bangalore
tenant101,Ms,Vasili Douch,hsimone2s@macromedia.com,F,6398,12179,0,58,FALSE,10-May-19,Bangalore
tenant102,Ms,Kip Marcombe,sbuffery2t@mail.ru,F,6363,18760,1,45,FALSE,18-May-18,Bangalore
tenant103,Ms,Joby Barwood,bruprich2u@rediff.com,F,7498,16684,1,60,TRUE,31-Dec-18,Bangalore
tenant104,Ms,Nessa Ranfield,dheningham2v@ask.com,F,7600,17447,1,25,TRUE,26-Oct-18,Bangalore
tenant105,Dr,Happy Leuchars,mdesesquelle2w@ezinearticles.com,M,5826,24685,1,35,FALSE,6-Jun-18,Bangalore
tenant106,Ms,Pauli D'Hooghe,dclift2x@amazon.com,F,6454,21069,1,30,TRUE,13-Feb-19,Bangalore
tenant107,Ms,Harbert Pantling,eperryn2y@prnewswire.com,F,5086,16648,1,25,FALSE,17-Mar-19,Bangalore
tenant108,Ms,Ringo Gumbrell,ckitchinham2z@noaa.gov,F,5446,23325,1,58,FALSE,11-Sep-18,Bangalore
tenant109,Mr,Ketty Boggers,dcuvley30@indiegogo.com,M,6899,18451,1,43,FALSE,26-Apr-19,Bangalore
tenant110,Mr,Enrica Morrall,tseckom31@wired.com,M,6112,15245,1,28,TRUE,6-Oct-18,Bangalore
tenant111,Dr,Aldwin Bonn,rfordy32@toplist.cz,M,6819,20479,1,43,TRUE,28-Mar-19,Bangalore
tenant112,Mr,Skipton Runnacles,rwaber33@discovery.com,M,5774,15131,1,59,FALSE,25-Mar-19,Bangalore
tenant113,Ms,Loy Kollach,ahay34@dyndns.org,F,7092,19312,1,42,FALSE,9-Jun-18,Bangalore
tenant114,Ms,Elliot Rosencwaig,hbirchenough35@thetimes.co.uk,F,6614,19393,1,41,TRUE,28-Dec-18,Bangalore
tenant115,Ms,Kile Raddon,awillans36@friendfeed.com,F,5709,20122,1,49,FALSE,4-Apr-19,Bangalore
tenant116,Ms,Flem Quoit,bkayser37@paginegialle.it,F,6198,28903,1,53,FALSE,27-Aug-18,Bangalore
tenant117,Ms,Evonne Branson,eadamson38@tripadvisor.com,F,5446,24534,1,47,FALSE,16-Feb-19,Bangalore
tenant118,Ms,Olenka Becaris,gchazelas39@creativecommons.org,F,7202,11302,0,40,TRUE,27-Oct-18,Bangalore
tenant119,Dr,Tod O'Donoghue,acolegrove3a@goodreads.com,M,6686,26318,1,59,TRUE,24-Sep-18,Bangalore
tenant120,Ms,Laughton Maultby,lpavelin3b@yahoo.co.jp,F,5704,15950,1,32,TRUE,28-Jan-19,Bangalore
tenant121,Ms,Barthel Spaight,edarrell3c@biglobe.ne.jp,F,7682,22641,1,58,FALSE,8-Aug-18,Bangalore
tenant122,Ms,Karil Siddens,epatry3d@comsenz.com,F,6295,25196,1,48,FALSE,7-Sep-18,Bangalore
tenant123,Dr,Audry Sadd,rfaircley3e@fastcompany.com,M,7626,29560,1,24,FALSE,18-Jan-19,Bangalore
tenant124,Ms,Lalo Winterborne,mdeboo3f@archive.org,F,6214,26958,1,20,TRUE,8-Mar-19,Bangalore
tenant125,Dr,Patty Ohm,rdudson3g@upenn.edu,M,7808,22670,1,23,TRUE,20-Aug-18,Bangalore
tenant126,Ms,Chastity Benion,mivetts3h@spiegel.de,F,5360,23594,1,52,TRUE,31-Jan-19,Bangalore
tenant127,Dr,Garret Chantree,swhotton3i@epa.gov,M,6836,22368,1,23,FALSE,30-Jan-19,Bangalore
tenant128,Ms,Elvina McCrow,lbernt3j@feedburner.com,F,7426,19689,1,57,FALSE,31-Aug-18,Bangalore
tenant129,Mr,Lenette Bound,kbuckham3k@ox.ac.uk,M,7979,18027,1,28,FALSE,22-Apr-19,Bangalore
tenant130,Mr,Denny Leggatt,ddeleon3l@qq.com,M,6226,13187,0,48,TRUE,19-Aug-18,Bangalore
tenant131,Ms,Weider Goodinson,jbarnaby3m@csmonitor.com,F,7335,11033,0,55,TRUE,10-Jun-18,Bangalore
tenant132,Mr,Cathi Pardon,tbreitling3n@engadget.com,M,7208,14243,0,27,TRUE,3-Apr-19,Bangalore
tenant133,Ms,Addie Bowerman,rmcclements3o@sourceforge.net,F,6978,24337,1,22,FALSE,5-May-19,Bangalore
tenant134,Mr,Killie Gingell,hhearthfield3p@sitemeter.com,M,5544,14716,0,33,FALSE,2-Apr-19,Bangalore
tenant135,Mr,Donica Strank,edrinkhill3q@cdbaby.com,M,6379,14197,0,49,TRUE,2-Sep-18,Bangalore
tenant136,Mr,Anica Di Lucia,msporner3r@oracle.com,M,7384,17886,1,20,TRUE,7-Oct-18,Bangalore
tenant137,Ms,Joelie MacCahee,aloache3s@lycos.com,F,6709,17115,1,57,FALSE,31-Jul-18,Bangalore
tenant138,Dr,Reena Rowcastle,ddurbann3t@yolasite.com,M,6281,25180,1,32,FALSE,26-Sep-18,Bangalore
tenant139,Mr,Alejandra Philler,jgaytor3u@fc2.com,M,7200,13983,0,40,TRUE,28-Jan-19,Bangalore
tenant140,Ms,Clair Grafom,ccockrill3v@indiegogo.com,F,7139,23671,1,27,FALSE,9-Jan-19,Bangalore
tenant141,Dr,Lesley Gregoriou,cdumbrill3w@newsvine.com,M,7479,21417,1,28,TRUE,26-Jun-18,Bangalore
tenant142,Mr,Beryl Iredell,jlax3x@state.tx.us,M,7161,14121,0,60,FALSE,4-Apr-19,Bangalore
tenant143,Mr,Gay Denekamp,vfricker3y@behance.net,M,5195,15304,1,41,TRUE,29-Jul-18,Bangalore
tenant144,Ms,Sutherlan Blyth,rwetter3z@topsy.com,F,7099,23690,1,56,TRUE,21-May-18,Bangalore
tenant145,Mr,Kathleen Shrive,aburn40@etsy.com,M,5635,16929,1,30,FALSE,16-Mar-19,Bangalore
tenant146,Ms,Lefty O'Sherin,lchable41@rakuten.co.jp,F,7887,29941,1,58,TRUE,26-Feb-19,Bangalore
tenant147,Mr,Katy Marion,kbruineman42@jiathis.com,M,5530,13171,0,32,TRUE,30-Dec-18,Bangalore
tenant148,Ms,Bennie Gudde,mfullerton43@va.gov,F,5801,25494,1,24,TRUE,30-Oct-18,Bangalore
tenant149,Ms,Kelila Berriman,ebrader44@dropbox.com,F,5051,10805,0,25,TRUE,9-Apr-19,Bangalore
tenant150,Dr,Julee O'Kenny,mjacobowits45@soundcloud.com,M,5943,23133,1,23,FALSE,27-Jul-18,Bangalore
tenant151,Mr,Phylis Simonel,glemerchant46@issuu.com,M,5023,16042,1,35,FALSE,27-Aug-18,Bangalore
tenant152,Mr,Brigid Siege,breede47@opensource.org,M,5712,11659,0,57,FALSE,20-May-18,Bangalore
tenant153,Ms,Chiquita Bernhard,kbingley48@ifeng.com,F,5956,17581,1,50,FALSE,23-Nov-18,Bangalore
tenant154,Mr,Shirline Sealeaf,hlitchmore49@abc.net.au,M,7717,12906,0,46,TRUE,5-Apr-19,Bangalore
tenant155,Mr,Aluin Taudevin,wrodders4a@cornell.edu,M,7663,10932,0,22,FALSE,8-Jan-19,Bangalore
tenant156,Dr,Tate Stealy,orawlyns4b@cpanel.net,M,6088,28731,1,51,FALSE,28-Nov-18,Bangalore
tenant157,Ms,Sella Jinkin,mdennerley4c@exblog.jp,F,5972,27516,1,32,FALSE,14-Sep-18,Bangalore
tenant158,Dr,Terri-jo Ingerman,gdunderdale4d@mtv.com,M,6028,24324,1,31,FALSE,12-May-19,Bangalore
tenant159,Ms,Waly Kneale,bwrangle4e@bloglovin.com,F,5301,23147,1,28,TRUE,22-Jun-18,Bangalore
tenant160,Mr,Linda Cutteridge,crubbens4f@amazon.co.jp,M,7866,14755,0,45,TRUE,23-Jan-19,Bangalore
tenant161,Ms,Felicdad Imeson,mromand4g@addtoany.com,F,5166,13988,0,59,FALSE,5-Jan-19,Bangalore
tenant162,Mr,Baxie Seid,gpescott4h@fema.gov,M,5823,11349,0,20,FALSE,16-Aug-18,Bangalore
tenant163,Ms,Gardner Fant,azanetto4i@answers.com,F,6173,28430,1,38,FALSE,17-Jun-18,Bangalore
tenant164,Mr,Estella Lacy,mthursby4j@domainmarket.com,M,6269,16434,1,56,TRUE,16-Dec-18,Bangalore
tenant165,Ms,Bartholemy Shiril,lmonday4k@google.es,F,7085,28376,1,59,TRUE,2-Aug-18,Bangalore
tenant166,Ms,Arch Le Maitre,gwenzel4l@pinterest.com,F,7321,26921,1,38,FALSE,16-Sep-18,Bangalore
tenant167,Ms,Maryrose Coats,kmacewan4m@tripod.com,F,5277,18688,1,28,FALSE,29-Apr-19,Bangalore
tenant168,Dr,Chance Hellwing,lsouthcomb4n@cornell.edu,M,5950,21057,1,22,FALSE,11-Dec-18,Bangalore
tenant169,Ms,Nero Mollon,wespinosa4o@ifeng.com,F,6456,29901,1,52,TRUE,5-Jun-18,Bangalore
tenant170,Mr,Wini Ogbourne,pfinder4p@ucla.edu,M,6813,18589,1,31,FALSE,1-Nov-18,Bangalore
tenant171,Ms,Nichols Rooms,mprangle4q@reuters.com,F,6456,23470,1,23,TRUE,17-Jun-18,Bangalore
tenant172,Dr,Yoko Hadcock,wclemot4r@smh.com.au,M,5032,21850,1,22,FALSE,22-Jul-18,Bangalore
tenant173,Dr,Terra Stanlick,arogeron4s@addthis.com,M,5089,25086,1,28,FALSE,9-Nov-18,Bangalore
tenant174,Mr,Eddie Terren,rcorbishley4t@tripod.com,M,6418,14943,0,49,FALSE,5-Dec-18,Bangalore
tenant175,Ms,Cassandry Nicholl,dheinritz4u@edublogs.org,F,7191,14875,0,56,FALSE,9-Feb-19,Bangalore
tenant176,Ms,Jolee Gorelli,dlydiard4v@networkadvertising.org,F,6609,11435,0,23,TRUE,9-Apr-19,Bangalore
tenant177,Mr,Danica Whatson,mgavrielli4w@deliciousdays.com,M,5945,16755,1,55,TRUE,24-Sep-18,Bangalore
tenant178,Ms,Elie Lillo,crudd4x@amazon.de,F,6446,15077,1,58,TRUE,8-May-19,Bangalore
tenant179,Ms,Cariotta Copins,edevote4y@squidoo.com,F,7926,24299,1,59,FALSE,5-Sep-18,Bangalore
tenant180,Dr,Patti Tonbridge,hmcclarence4z@acquirethisname.com,M,7651,22809,1,39,FALSE,6-Jan-19,Bangalore
tenant181,Ms,Holly Bursnall,abosch50@last.fm,F,5914,20518,1,30,TRUE,9-Sep-18,Bangalore
tenant182,Ms,Camey Hedon,abuttner51@nymag.com,F,5624,14544,0,29,TRUE,2-Nov-18,Bangalore
tenant183,Ms,Jobey Bernhardsson,tjerrand52@foxnews.com,F,5089,15330,1,40,TRUE,1-Jan-19,Bangalore
tenant184,Ms,Slade Arnal,gsinnatt53@chronoengine.com,F,6391,19198,1,45,FALSE,16-Jul-18,Bangalore
tenant185,Ms,Dolly Dewdney,rcakes54@redcross.org,F,5766,21912,1,27,FALSE,6-Aug-18,Bangalore
tenant186,Mr,Paulette Dykins,lyokelman55@salon.com,M,7047,17018,1,30,FALSE,3-Jun-18,Bangalore
tenant187,Mr,Adan Drinan,rlutsch56@histats.com,M,6716,17872,1,21,TRUE,26-May-18,Bangalore
tenant188,Dr,Bentlee Stanyard,mgronous57@oracle.com,M,6574,28279,1,36,FALSE,5-Oct-18,Bangalore
tenant189,Mr,Wheeler Jereatt,dkeston58@live.com,M,5413,18964,1,55,FALSE,29-Nov-18,Bangalore
tenant190,Ms,Corabel Decker,spingstone59@smh.com.au,F,5350,25194,1,54,TRUE,26-Dec-18,Bangalore
tenant191,Mr,Jillene Dubois,ndallas5a@narod.ru,M,6922,13837,0,22,TRUE,2-Nov-18,Bangalore
tenant192,Ms,Onida Lithcow,bflux5b@plala.or.jp,F,5382,17513,1,33,FALSE,15-Apr-19,Bangalore
tenant193,Ms,Marney Gringley,mdibiaggi5c@typepad.com,F,5672,13051,0,35,FALSE,19-Mar-19,Bangalore
tenant194,Ms,Gerome Tomczynski,jdzenisenka5d@soundcloud.com,F,6475,20684,1,40,TRUE,18-Jan-19,Bangalore
tenant195,Ms,Marmaduke Brosel,drandle5e@vinaora.com,F,7876,22984,1,27,TRUE,22-Mar-19,Bangalore
tenant196,Dr,Latia Davley,mdowdney5f@shinystat.com,M,7154,20058,1,40,TRUE,12-Jan-19,Bangalore
tenant197,Mr,Taber McKevany,bubsdell5g@nydailynews.com,M,6542,15673,1,25,FALSE,25-Feb-19,Bangalore
tenant198,Mr,Kiel Sidebottom,rfolca5h@apple.com,M,7162,13727,0,54,TRUE,1-Dec-18,Bangalore
tenant199,Ms,Connor Petrushanko,pcroucher5i@mozilla.com,F,7510,24457,1,42,FALSE,27-Nov-18,Bangalore
tenant200,Mr,Kenny Fuggles,lleggat5j@discovery.com,M,7470,16622,1,56,TRUE,8-Oct-18,Bangalore
tenant201,Dr,Patten Mouat,gcochrane5k@storify.com,M,7597,24558,1,25,FALSE,15-Dec-18,Bangalore
tenant202,Ms,Doralynn Moreno,jalder5l@seesaa.net,F,5309,19208,1,41,TRUE,15-Jul-18,Bangalore
tenant203,Ms,Marwin Dagleas,rblackett5m@facebook.com,F,7013,14209,0,47,FALSE,15-Feb-19,Bangalore
tenant204,Dr,Clayton Luty,csmitheman5n@wikia.com,M,6922,23689,1,40,FALSE,1-Aug-18,Bangalore
tenant205,Dr,Algernon Gorcke,hsorbie5o@amazon.de,M,5323,23567,1,43,TRUE,3-Jan-19,Bangalore
tenant206,Ms,Kate Jorin,idoornbos5p@bbc.co.uk,F,5036,19222,1,55,FALSE,21-Jul-18,Bangalore
tenant207,Mr,Evelin Itzkovich,akirkhouse5q@huffingtonpost.com,M,5046,14667,0,33,TRUE,19-Dec-18,Bangalore
tenant208,Dr,Marget Dominik,agiannazzi5r@seattletimes.com,M,6298,21656,1,26,FALSE,19-Jun-18,Bangalore
tenant209,Ms,Alaine Strudwick,lcockayne5s@hexun.com,F,6597,10137,0,36,FALSE,12-Feb-19,Bangalore
tenant210,Ms,Roch Chaloner,bpengelly5t@cyberchimps.com,F,6152,19686,1,36,TRUE,6-Jun-18,Bangalore
tenant211,Ms,Rosamond Garrals,phayen5u@tripod.com,F,6219,24338,1,31,TRUE,19-Feb-19,Bangalore
tenant212,Ms,Tawnya Tawse,bbatman5v@paypal.com,F,5131,12219,0,44,FALSE,22-Dec-18,Bangalore
tenant213,Dr,Henrik Hinze,ggorghetto5w@upenn.edu,M,7444,23401,1,39,TRUE,21-May-18,Bangalore
tenant214,Mr,Ronnie Dovinson,lalenin5x@un.org,M,6455,19275,1,22,FALSE,23-Apr-19,Bangalore
tenant215,Ms,Malvin Santacrole,zida5y@xinhuanet.com,F,5041,10681,0,37,TRUE,30-Dec-18,Bangalore
tenant216,Ms,Noam Helks,bdelazenne5z@yolasite.com,F,5771,29827,1,23,FALSE,2-Aug-18,Bangalore
tenant217,Ms,Misha Simyson,iwebermann60@quantcast.com,F,7582,21891,1,32,TRUE,14-Aug-18,Bangalore
tenant218,Ms,Skye Kightly,gaberkirdo61@cnbc.com,F,5544,15584,1,28,TRUE,12-Jan-19,Bangalore
tenant219,Mr,Binni Fleming,llilburn62@multiply.com,M,6075,13289,0,31,FALSE,25-Dec-18,Bangalore
tenant220,Ms,Tynan Bendle,fskuce63@mediafire.com,F,7843,10418,0,38,FALSE,18-May-18,Bangalore
tenant221,Ms,Sibyl Saenz,jtripean64@marketwatch.com,F,5774,24272,1,43,FALSE,11-May-19,Bangalore
tenant222,Dr,Frannie Buxcey,ecross65@wikispaces.com,M,5396,28659,1,52,TRUE,14-Sep-18,Bangalore
tenant223,Dr,Adriana Tale,bivantyev66@vimeo.com,M,7930,27009,1,53,TRUE,27-May-18,Bangalore
tenant224,Ms,Honoria Wesley,hcusty67@dropbox.com,F,6604,17750,1,25,FALSE,13-Nov-18,Bangalore
tenant225,Ms,Davon Duligall,rpaylor68@photobucket.com,F,6484,13995,0,41,TRUE,31-Jul-18,Bangalore
tenant226,Dr,Lesley Lonsbrough,hserfati69@studiopress.com,M,5547,21431,1,25,TRUE,21-Aug-18,Bangalore
tenant227,Dr,Catarina Alfonsetti,jfrake6a@wikia.com,M,6756,21272,1,33,TRUE,29-Sep-18,Bangalore
tenant228,Ms,Vitoria Robins,wwingar6b@time.com,F,5296,28451,1,41,FALSE,22-Dec-18,Bangalore
tenant229,Mr,Cosimo Stoltz,aklamp6c@goo.gl,M,5465,15480,1,40,TRUE,24-Jun-18,Bangalore
tenant230,Ms,Brody Tremoille,ecraker6d@epa.gov,F,7992,25995,1,53,TRUE,4-May-19,Bangalore
tenant231,Mr,Vernice Woltering,wflemmich6e@sourceforge.net,M,7816,13386,0,22,TRUE,21-Apr-19,Bangalore
tenant232,Ms,Giuditta Cuttin,ebissatt6f@disqus.com,F,5010,25260,1,47,FALSE,18-Apr-19,Bangalore
tenant233,Ms,Alene Schechter,agoad6g@slashdot.org,F,6565,24988,1,31,FALSE,30-Oct-18,Bangalore
tenant234,Mr,Isiahi Aikman,cdussy6h@miitbeian.gov.cn,M,5058,14503,0,20,FALSE,28-Apr-19,Bangalore
tenant235,Ms,Christos Ogilby,mtripony6i@about.me,F,5333,25222,1,50,FALSE,6-Feb-19,Bangalore
tenant236,Dr,Amalle Enticott,tmccreath6j@hc360.com,M,7836,27484,1,52,TRUE,27-Oct-18,Bangalore
tenant237,Mr,Sammy Clubbe,tskegg6k@simplemachines.org,M,6620,19993,1,41,FALSE,30-May-18,Bangalore
tenant238,Dr,Ollie Kunath,dbottelstone6l@omniture.com,M,6574,29768,1,50,TRUE,16-Feb-19,Bangalore
tenant239,Dr,Robert Couch,slies6m@xing.com,M,7443,22372,1,26,FALSE,9-Jul-18,Bangalore
tenant240,Ms,Pen Jeffries,ldundendale6n@list-manage.com,F,5020,25634,1,58,TRUE,21-Mar-19,Bangalore
tenant241,Dr,Daniele Ochterlonie,accomini6o@scribd.com,M,5173,27365,1,47,TRUE,27-May-18,Bangalore
tenant242,Mr,Eddi Gayne,rwhear6p@paginegialle.it,M,5541,11930,0,37,FALSE,19-Nov-18,Bangalore
tenant243,Mr,Jonah Moral,tschach6q@google.com,M,7780,15493,1,30,FALSE,30-Jan-19,Bangalore
tenant244,Dr,Dame Coots,rtack6r@sogou.com,M,6666,21673,1,53,FALSE,7-Aug-18,Bangalore
tenant245,Ms,Kippar Coward,rdavydkov6s@rakuten.co.jp,F,7523,13546,0,44,FALSE,24-Aug-18,Bangalore
tenant246,Mr,Kelsy McKeveney,ablanque6t@webnode.com,M,6635,19879,1,46,TRUE,13-Feb-19,Bangalore
tenant247,Dr,Ajay Mollnar,ttutchener6u@chronoengine.com,M,7608,28085,1,24,FALSE,20-Jul-18,Bangalore
tenant248,Ms,Karisa Bonhan,kballard6v@indiegogo.com,F,6378,16526,1,46,FALSE,7-Feb-19,Bangalore
tenant249,Mr,Saunder Rexworthy,flabro6w@wordpress.com,M,5992,16920,1,22,TRUE,8-Jun-18,Bangalore
tenant250,Mr,Brynne Argue,dhardypiggin6x@ebay.co.uk,M,7119,13202,0,44,FALSE,4-Dec-18,Bangalore
tenant251,Dr,Iain Boule,cong6y@toplist.cz,M,5586,26915,1,56,FALSE,8-Oct-18,Bangalore
tenant252,Mr,Melisande Carberry,blambrook6z@w3.org,M,7807,14919,0,23,FALSE,21-Feb-19,Bangalore
tenant253,Dr,Laney Kline,ghylands70@wordpress.com,M,5968,22649,1,38,TRUE,8-May-19,Bangalore
tenant254,Mr,Jard Tinner,traft71@desdev.cn,M,5411,15864,1,54,FALSE,16-Feb-19,Bangalore
tenant255,Ms,Cathleen Kopman,fweldrake72@chicagotribune.com,F,7877,24136,1,34,TRUE,28-Aug-18,Bangalore
tenant256,Ms,Janine Nicholl,acastletine73@reference.com,F,7868,10486,0,58,FALSE,30-May-18,Bangalore
tenant257,Ms,Sharlene Mosedall,tebden74@nydailynews.com,F,6634,25333,1,56,TRUE,23-Mar-19,Bangalore
tenant258,Mr,Cally Scryne,mpfeuffer75@bbb.org,M,5037,14748,0,32,TRUE,18-Mar-19,Bangalore
tenant259,Dr,Cassandre Prier,codd76@timesonline.co.uk,M,6769,23236,1,20,TRUE,2-Aug-18,Bangalore
tenant260,Mr,Jenifer Hegden,cpresnell77@engadget.com,M,5452,13452,0,33,FALSE,12-Sep-18,Bangalore
tenant261,Dr,Zak Salzberger,hivashov78@studiopress.com,M,7396,29017,1,43,TRUE,18-Jan-19,Bangalore
tenant262,Dr,Tine Casburn,cmuschette79@123-reg.co.uk,M,7864,27033,1,46,TRUE,1-Dec-18,Bangalore
tenant263,Ms,Joelynn Sellars,iperton7a@ucoz.ru,F,5000,21333,1,23,FALSE,27-Jul-18,Bangalore
tenant264,Ms,Jen Layson,adimitriou7b@businessinsider.com,F,5126,18883,1,57,FALSE,12-Nov-18,Bangalore
tenant265,Dr,Earvin Pothergill,oskittreal7c@ucsd.edu,M,5309,28546,1,32,FALSE,14-Dec-18,Bangalore
tenant266,Dr,Gail Bleeze,cbenza7d@163.com,M,6913,26195,1,35,TRUE,26-Jul-18,Bangalore
tenant267,Ms,Giorgi Furmenger,lshepstone7e@plala.or.jp,F,7790,18395,1,43,TRUE,7-Jul-18,Bangalore
tenant268,Ms,Melosa Stallwood,bbostock7f@toplist.cz,F,7350,24960,1,34,FALSE,25-Jan-19,Bangalore
tenant269,Dr,Toddie Iannazzi,hblaydon7g@reuters.com,M,5640,26386,1,58,TRUE,5-Aug-18,Bangalore
tenant270,Ms,Britt Dougal,bnibley7h@devhub.com,F,5332,24305,1,20,TRUE,25-Jun-18,Bangalore
tenant271,Dr,Glenda Pitt,nroony7i@omniture.com,M,5516,25733,1,40,TRUE,4-May-19,Bangalore
tenant272,Dr,Ernie Calendar,sglenister7j@washington.edu,M,7472,28614,1,35,TRUE,7-May-19,Bangalore
tenant273,Dr,Byran Haggerty,sstreak7k@dailymail.co.uk,M,6156,23548,1,53,TRUE,6-Jun-18,Bangalore
tenant274,Mr,Lorant Megroff,bbaldack7l@samsung.com,M,7263,19454,1,26,FALSE,24-Jul-18,Bangalore
tenant275,Ms,Elsa Pauwel,estatton7m@theguardian.com,F,7309,22501,1,34,FALSE,5-Feb-19,Bangalore
tenant276,Ms,Worden Astin,bbosworth7n@ca.gov,F,6754,15061,1,39,TRUE,31-May-18,Bangalore
tenant277,Mr,Zaneta Rickeard,mwestnage7o@jugem.jp,M,6384,15016,1,23,FALSE,21-Mar-19,Bangalore
tenant278,Ms,Kalie Creed,ifossey7p@desdev.cn,F,6988,21829,1,33,TRUE,20-Aug-18,Bangalore
tenant279,Mr,Eada Cowitz,ailes7q@booking.com,M,7317,16442,1,44,TRUE,26-Dec-18,Bangalore
tenant280,Ms,Steven Roos,kbaynes7r@mit.edu,F,6248,26634,1,47,TRUE,20-Oct-18,Bangalore
tenant281,Ms,Elicia Bogace,rwooding7s@geocities.jp,F,7066,13186,0,26,TRUE,9-Apr-19,Bangalore
tenant282,Mr,Si Visick,sgodthaab7t@ning.com,M,6261,18676,1,55,TRUE,6-Feb-19,Bangalore
tenant283,Mr,Anselm Sadd,ieaklee7u@about.me,M,5954,13327,0,21,TRUE,6-Aug-18,Bangalore
tenant284,Dr,Lyndy Hoffmann,dtoten7v@fastcompany.com,M,7487,23704,1,41,FALSE,14-Aug-18,Bangalore
tenant285,Ms,Wynnie Pinnocke,jelstub7w@youtube.com,F,6222,20178,1,23,FALSE,26-Sep-18,Bangalore
tenant286,Ms,Raphaela Spraggon,fyakubovics7x@wikipedia.org,F,6754,27877,1,22,FALSE,8-Apr-19,Bangalore
tenant287,Ms,Alvina Strivens,dleaver7y@angelfire.com,F,6942,28905,1,23,FALSE,16-Jul-18,Bangalore
tenant288,Mr,Larisa Cade,plofts7z@infoseek.co.jp,M,7208,18219,1,28,TRUE,20-Sep-18,Bangalore
tenant289,Ms,Matti Ledamun,stambling80@mail.ru,F,6771,13961,0,38,FALSE,1-Apr-19,Bangalore
tenant290,Mr,Tabbie Murrhardt,sgarlick81@house.gov,M,6904,12783,0,53,FALSE,23-Nov-18,Bangalore
tenant291,Ms,Costanza Pain,yperago82@wunderground.com,F,7666,13283,0,23,FALSE,29-Nov-18,Bangalore
tenant292,Ms,Silva Lorriman,gdubose83@free.fr,F,6744,26190,1,39,FALSE,5-Feb-19,Bangalore
tenant293,Ms,Cindy Colten,phateley84@berkeley.edu,F,5606,28992,1,53,TRUE,8-Oct-18,Bangalore
tenant294,Ms,Clevie Rupke,mgorton85@bizjournals.com,F,7171,15178,1,46,TRUE,12-Jul-18,Bangalore
tenant295,Mr,Bel Feldmann,ochartre86@icio.us,M,7058,11403,0,33,FALSE,29-Dec-18,Bangalore
tenant296,Ms,Clemmy Hoggetts,qeim87@dion.ne.jp,F,6322,23565,1,59,FALSE,15-May-19,Bangalore
tenant297,Ms,Pete Adderson,wthebeaud88@mayoclinic.com,F,7386,20824,1,35,TRUE,23-Mar-19,Bangalore
tenant298,Dr,Enos Cousin,denterle89@google.fr,M,5867,29480,1,39,FALSE,27-Oct-18,Bangalore
tenant299,Ms,Jefferey Falco,udunguy8a@europa.eu,F,5471,27547,1,58,FALSE,10-Apr-19,Bangalore
tenant300,Mr,Darb Risen,tbulle8b@harvard.edu,M,6483,14202,0,59,TRUE,17-May-18,Bangalore
tenant301,Ms,Nevile Benninck,wpoff8c@home.pl,F,5984,23891,1,28,TRUE,1-Jul-18,Bangalore
tenant302,Dr,Etta Merwede,cogilvy8d@phoca.cz,M,7390,26962,1,54,TRUE,10-Jun-18,Bangalore
tenant303,Ms,Agnesse Darrigrand,ndominichetti8e@creativecommons.org,F,6832,13115,0,22,FALSE,27-Jun-18,Bangalore
tenant304,Ms,Carlye Leve,amelchior8f@hhs.gov,F,7864,26024,1,27,TRUE,2-Jun-18,Bangalore
tenant305,Ms,Sisely De'Ath,msporrij8g@latimes.com,F,7819,28335,1,27,TRUE,2-May-19,Bangalore
tenant306,Mr,Quintina Bromehed,ssergant8h@jigsy.com,M,7754,16041,1,31,FALSE,6-Sep-18,Bangalore
tenant307,Ms,Audry Krabbe,oheadrick8i@mediafire.com,F,7380,24290,1,36,FALSE,21-May-18,Bangalore
tenant308,Ms,Belva Branchett,bsobtka8j@dot.gov,F,6114,24011,1,51,TRUE,3-Jan-19,Bangalore
tenant309,Ms,Konrad Blaxland,cjackways8k@columbia.edu,F,6757,13644,0,27,FALSE,17-Sep-18,Bangalore
tenant310,Ms,Paulo Ewenson,aparnby8l@narod.ru,F,6039,13489,0,36,FALSE,31-May-18,Bangalore
tenant311,Mr,Fergus Kemwal,aschultz8m@amazon.com,M,7994,16535,1,27,FALSE,28-Sep-18,Bangalore
tenant312,Ms,Carey Ryley,ssoldan8n@php.net,F,7838,12464,0,21,TRUE,14-Sep-18,Bangalore
tenant313,Dr,Iago Colthard,aallsup8o@exblog.jp,M,6874,21292,1,32,TRUE,10-Mar-19,Bangalore
tenant314,Ms,Ora Dennett,lcashmore8p@aol.com,F,5421,19420,1,47,FALSE,31-Oct-18,Bangalore
tenant315,Mr,Erena Mundle,vpelchat8q@nationalgeographic.com,M,5690,12608,0,39,TRUE,8-Dec-18,Bangalore
tenant316,Mr,Lulu Bowsher,fquene8r@t-online.de,M,7312,15339,1,46,FALSE,6-Sep-18,Bangalore
tenant317,Mr,Claudell Vobes,asketcher8s@miibeian.gov.cn,M,7340,15450,1,40,TRUE,30-Mar-19,Bangalore
tenant318,Ms,Michaelina Gwillyam,zdiruggero8t@stumbleupon.com,F,7553,15669,1,51,FALSE,20-Oct-18,Bangalore
tenant319,Mr,Normie Tran,crabl8u@fc2.com,M,7690,14312,0,50,FALSE,27-Nov-18,Bangalore
tenant320,Mr,Happy Kurth,abarrett8v@soup.io,M,7984,14372,0,45,TRUE,30-Aug-18,Bangalore
tenant321,Dr,Clayson Bittleson,frack8w@elegantthemes.com,M,7869,27992,1,23,FALSE,4-Jan-19,Bangalore
tenant322,Ms,Lezley Hovert,achese8x@netscape.com,F,5921,17444,1,25,FALSE,5-May-19,Bangalore
tenant323,Dr,Roxi Widdall,gcobson8y@nba.com,M,7919,24067,1,58,FALSE,7-Jan-19,Bangalore
tenant324,Ms,Phillie Ferie,apigney8z@themeforest.net,F,7919,22795,1,52,FALSE,4-Apr-19,Bangalore
tenant325,Dr,Alyssa Greally,lnajera90@aol.com,M,6213,25714,1,52,FALSE,28-Mar-19,Bangalore
tenant326,Mr,Leland Britland,dbayns91@delicious.com,M,6210,13967,0,50,FALSE,20-Oct-18,Bangalore
tenant327,Dr,Arny Allingham,lgant92@spiegel.de,M,5763,29716,1,20,FALSE,31-Oct-18,Bangalore
tenant328,Ms,Chadwick Spada,phannen93@mtv.com,F,6824,20934,1,24,TRUE,18-Mar-19,Bangalore
tenant329,Dr,Raina Sturman,vbontein94@sitemeter.com,M,7719,24487,1,40,TRUE,1-Mar-19,Bangalore
tenant330,Ms,Wilow Strickler,madicot95@wix.com,F,7664,22795,1,44,TRUE,5-Aug-18,Bangalore
tenant331,Dr,Sigrid MacNair,cyanshin96@webnode.com,M,5661,21419,1,48,FALSE,4-Apr-19,Bangalore
tenant332,Ms,Any Stoffers,jrenner97@nytimes.com,F,6651,22804,1,40,FALSE,8-Mar-19,Bangalore
tenant333,Ms,Rourke Marielle,awittering98@slashdot.org,F,7618,14315,0,49,TRUE,5-Jun-18,Bangalore
tenant334,Dr,Shaylyn Swettenham,fmumbray99@miibeian.gov.cn,M,5192,25387,1,60,TRUE,27-Jul-18,Bangalore
tenant335,Mr,Hallie Catterall,mjakel9a@liveinternet.ru,M,7664,11113,0,23,FALSE,17-Jun-18,Bangalore
tenant336,Dr,Coretta Staveley,mhawkyens9b@miibeian.gov.cn,M,7589,27342,1,35,FALSE,2-Jun-18,Bangalore
tenant337,Mr,Natividad Shipsey,lgooderson9c@webmd.com,M,7858,16622,1,48,FALSE,7-Jun-18,Bangalore
tenant338,Dr,Shannan Labuschagne,dboydon9d@posterous.com,M,5382,23456,1,43,TRUE,28-Mar-19,Bangalore
tenant339,Ms,Sonya Trytsman,esainz9e@yolasite.com,F,6481,12564,0,29,FALSE,20-Mar-19,Bangalore
tenant340,Ms,Bird Kilban,bmunton9f@archive.org,F,5609,10109,0,42,FALSE,15-Jul-18,Bangalore
tenant341,Ms,Esta Kneaphsey,tgraffin9g@plala.or.jp,F,5386,22942,1,25,TRUE,11-Dec-18,Bangalore
tenant342,Dr,Cthrine Eliot,vjosupeit9h@patch.com,M,5810,20434,1,36,TRUE,30-Jan-19,Bangalore
tenant343,Ms,Marie-ann Reinard,rguage9i@statcounter.com,F,7030,15165,1,49,TRUE,31-Aug-18,Bangalore
tenant344,Mr,Sumner Armstead,dfieldhouse9j@amazon.co.jp,M,6815,10305,0,44,TRUE,4-Aug-18,Bangalore
tenant345,Dr,Meade Muzzollo,agodard9k@aboutads.info,M,6529,27740,1,23,TRUE,18-Nov-18,Bangalore
tenant346,Dr,Dominick Burnapp,mjandourek9l@livejournal.com,M,7115,24370,1,47,TRUE,3-Sep-18,Bangalore
tenant347,Ms,Amalee Fattori,jnewbury9m@goodreads.com,F,6870,10330,0,32,TRUE,10-Sep-18,Bangalore
tenant348,Ms,Caria Carmody,cmatyugin9n@reddit.com,F,5675,27680,1,60,TRUE,1-Jun-18,Bangalore
tenant349,Mr,Gaven Siviter,mfarre9o@skyrock.com,M,6238,18988,1,49,TRUE,3-Apr-19,Bangalore
tenant350,Dr,Max Greiser,amacguiness9p@a8.net,M,5314,23043,1,23,TRUE,17-Nov-18,Bangalore
tenant351,Dr,Kimball McCuish,dcanet9q@vkontakte.ru,M,6558,25240,1,57,TRUE,10-May-19,Bangalore
tenant352,Ms,Lari Standbrooke,enarbett9r@biblegateway.com,F,7155,21392,1,55,FALSE,17-Aug-18,Bangalore
tenant353,Ms,Merla Pauletto,rohallagan9s@columbia.edu,F,6919,26557,1,31,TRUE,11-Nov-18,Bangalore
tenant354,Mr,Chilton Farry,osaggs9t@wp.com,M,5228,17074,1,58,TRUE,8-Jul-18,Bangalore
tenant355,Mr,Starla Lesor,pfalck9u@google.de,M,7479,18117,1,26,TRUE,11-Mar-19,Bangalore
tenant356,Ms,Wade Bernardon,fkarpeev9v@springer.com,F,6960,14352,0,57,FALSE,22-Jul-18,Bangalore
tenant357,Ms,Nikki Churchward,tantonov9w@disqus.com,F,6665,26006,1,49,TRUE,9-Dec-18,Bangalore
tenant358,Dr,Jereme Jollands,curey9x@rediff.com,M,5552,23799,1,55,TRUE,8-Feb-19,Bangalore
tenant359,Ms,Alexander O'Kinneally,smacpherson9y@nifty.com,F,7262,14215,0,35,TRUE,28-Sep-18,Bangalore
tenant360,Dr,Rebeka Fogg,narmiger9z@cmu.edu,M,5386,27652,1,21,TRUE,12-Jun-18,Bangalore
tenant361,Dr,Tanya Giamo,aruffya0@vk.com,M,7095,28843,1,38,FALSE,29-Jan-19,Bangalore
tenant362,Mr,Cyndia Wenban,lbyasa1@army.mil,M,6362,10308,0,29,TRUE,3-May-19,Bangalore
tenant363,Dr,Jule Djurevic,akauffmana2@tumblr.com,M,7087,25591,1,30,TRUE,17-Jun-18,Bangalore
tenant364,Ms,Whit Yakolev,asinderlanda3@epa.gov,F,5421,20977,1,37,TRUE,29-Oct-18,Bangalore
tenant365,Dr,Eadmund Bridgeman,bgerrisha4@wiley.com,M,6187,20342,1,37,FALSE,3-Jul-18,Bangalore
tenant366,Ms,Olia McComas,triccardellia5@ed.gov,F,7425,21682,1,38,TRUE,16-Dec-18,Bangalore
tenant367,Dr,Zachary Barron,fimpletona6@miibeian.gov.cn,M,7865,22418,1,41,TRUE,18-Feb-19,Bangalore
tenant368,Ms,Denver Salvador,crylea7@reddit.com,F,5471,13511,0,47,TRUE,26-May-18,Bangalore
tenant369,Ms,Sidonia Paddie,ncritcha8@jalbum.net,F,6191,23693,1,34,TRUE,20-May-18,Bangalore
tenant370,Mr,Forster Nanson,lmaidensa9@samsung.com,M,6192,16704,1,53,FALSE,22-Aug-18,Bangalore
tenant371,Dr,Bethina Edleston,apinnockeaa@usnews.com,M,6428,28994,1,21,TRUE,11-Jan-19,Bangalore
tenant372,Ms,Jocelin Norwood,ldummettab@vimeo.com,F,6619,20915,1,35,TRUE,21-Nov-18,Bangalore
tenant373,Dr,Bonita Stede,wpingac@gizmodo.com,M,5828,21966,1,50,TRUE,21-Feb-19,Bangalore
tenant374,Mr,Charlene Mapham,easpenlonad@behance.net,M,7273,13264,0,44,FALSE,18-Dec-18,Bangalore
tenant375,Dr,Manya Futty,csetchfieldae@nbcnews.com,M,7862,29599,1,33,TRUE,29-Jan-19,Bangalore
tenant376,Ms,Vivyan Mullarkey,hrossoaf@zimbio.com,F,7722,21615,1,47,FALSE,26-Oct-18,Bangalore
tenant377,Mr,Florida Jurn,cleopardag@cbslocal.com,M,6168,19056,1,44,FALSE,25-Jul-18,Bangalore
tenant378,Mr,Osmund Hurdedge,dlightonah@nifty.com,M,6100,16933,1,50,TRUE,22-Jun-18,Bangalore
tenant379,Mr,Maureen Godding,lboulgerai@instagram.com,M,7197,17302,1,25,TRUE,12-Nov-18,Bangalore
tenant380,Mr,Ruthanne McGeouch,gtandeyaj@altervista.org,M,7754,11191,0,20,FALSE,25-May-18,Bangalore
tenant381,Mr,Ruperto Udy,pransburyak@wunderground.com,M,6241,14567,0,58,TRUE,3-Feb-19,Bangalore
tenant382,Dr,Dean Westbury,coddyal@com.com,M,7612,24931,1,41,TRUE,15-Sep-18,Bangalore
tenant383,Dr,Pen Dewick,agarbettam@cdbaby.com,M,5131,29697,1,20,FALSE,22-Mar-19,Bangalore
tenant384,Mr,Allyson Astman,byuryshevan@webs.com,M,5201,11342,0,33,TRUE,21-Aug-18,Bangalore
tenant385,Mr,Roley O'Glassane,ameiklamao@fc2.com,M,7870,10161,0,43,FALSE,26-May-18,Bangalore
tenant386,Dr,Ethelin Lahy,blauretap@about.me,M,7627,22265,1,48,FALSE,26-Jun-18,Bangalore
tenant387,Mr,Krishnah Hinstock,gmiskimmonaq@myspace.com,M,6939,16184,1,37,TRUE,9-Jan-19,Bangalore
tenant388,Ms,Nahum Trengove,kcoolicanar@sciencedaily.com,F,5100,15797,1,56,FALSE,11-Jul-18,Bangalore
tenant389,Ms,Mace Omar,lclaessensas@hhs.gov,F,5135,13261,0,29,TRUE,15-Dec-18,Bangalore
tenant390,Ms,Florance Goreway,mlorneat@google.com.hk,F,6119,22446,1,27,FALSE,27-Nov-18,Bangalore
tenant391,Mr,Sheffy MacKerley,dbeirneau@reuters.com,M,6856,11325,0,55,FALSE,6-Jan-19,Bangalore
tenant392,Ms,Danie Grishelyov,pjacobssonav@goo.ne.jp,F,5527,14792,0,25,TRUE,29-May-18,Bangalore
tenant393,Dr,Davine Bartlam,pdelanyaw@wufoo.com,M,6825,21483,1,33,TRUE,16-Feb-19,Bangalore
tenant394,Ms,Merrili O'Henehan,bdeyeax@phoca.cz,F,7392,25516,1,60,TRUE,15-Jul-18,Bangalore
tenant395,Ms,Joleen Yegorkov,lambrosoliay@bizjournals.com,F,5502,10755,0,37,FALSE,16-Feb-19,Bangalore
tenant396,Ms,Hermine Ostridge,qpyseraz@linkedin.com,F,6628,11159,0,35,FALSE,19-Jun-18,Bangalore
tenant397,Dr,Ken Linnock,otrudgianb0@hugedomains.com,M,5662,29449,1,37,FALSE,24-Nov-18,Bangalore
tenant398,Ms,Tan Ventham,tstevensonb1@cmu.edu,F,7144,25139,1,45,TRUE,19-Sep-18,Bangalore
tenant399,Ms,Monro Guillot,hlamswoodb2@canalblog.com,F,6166,22804,1,33,FALSE,16-Oct-18,Bangalore
tenant400,Ms,Pat Colecrough,hbranniganb3@rakuten.co.jp,F,6361,11778,0,34,TRUE,21-Oct-18,Bangalore
tenant401,Ms,Huntley Brimmell,hfewb4@huffingtonpost.com,F,7036,20942,1,27,FALSE,28-Oct-18,Bangalore
tenant402,Ms,Lanni Sobczak,tseverb5@msu.edu,F,6493,19102,1,31,FALSE,15-Jan-19,Bangalore
tenant403,Mr,Dwayne Forster,vhartupb6@howstuffworks.com,M,6359,14388,0,23,FALSE,2-Jan-19,Bangalore
tenant404,Dr,Tracee Cowlin,bpietrowskib7@archive.org,M,7163,23841,1,20,FALSE,14-Apr-19,Bangalore
tenant405,Ms,Frederic Kennet,fthurlingb8@hud.gov,F,5178,26133,1,58,FALSE,22-Sep-18,Bangalore
tenant406,Mr,Hank Clue,jcamiesb9@multiply.com,M,7861,10159,0,60,FALSE,6-Nov-18,Bangalore
tenant407,Ms,Melvin Orton,tcrustba@slate.com,F,7856,26089,1,36,FALSE,22-Jun-18,Bangalore
tenant408,Ms,Florenza Blumfield,abolderobb@hp.com,F,5243,14451,0,42,TRUE,28-Dec-18,Bangalore
tenant409,Ms,Dorotea Bleakman,mnisbithbc@xrea.com,F,5129,15558,1,58,TRUE,29-Mar-19,Bangalore
tenant410,Ms,Ely Kitchenman,emacgraybd@google.co.jp,F,6780,12064,0,47,FALSE,15-Jan-19,Bangalore
tenant411,Ms,Adriane Marquiss,lmenatbe@usatoday.com,F,7705,18168,1,50,TRUE,27-Sep-18,Bangalore
tenant412,Ms,Cchaddie Haines,apetrellobf@wisc.edu,F,7574,28598,1,31,TRUE,25-Jan-19,Bangalore
tenant413,Ms,Glen Scotchmor,mvaskinbg@so-net.ne.jp,F,6480,15787,1,47,FALSE,15-Mar-19,Bangalore
tenant414,Mr,Shelbi Mewitt,ggooldingbh@biblegateway.com,M,7722,15805,1,24,FALSE,17-Apr-19,Bangalore
tenant415,Mr,Adaline Dossetter,psantorabi@example.com,M,5549,16128,1,33,TRUE,1-Nov-18,Bangalore
tenant416,Mr,Hailee Addenbrooke,kguymerbj@loc.gov,M,7488,18227,1,31,FALSE,22-Jan-19,Bangalore
tenant417,Ms,Kasper Hyett,pcumesbk@bing.com,F,7146,10725,0,39,TRUE,28-May-18,Bangalore
tenant418,Ms,Winn Matousek,ebroseniusbl@dailymail.co.uk,F,7037,15716,1,36,FALSE,12-Jul-18,Bangalore
tenant419,Ms,Gal Novacek,kpockeybm@foxnews.com,F,5108,18780,1,58,TRUE,11-Jan-19,Bangalore
tenant420,Dr,Rem Peter,clupartobn@tripod.com,M,6378,23704,1,38,TRUE,27-Jul-18,Bangalore
tenant421,Ms,Gabi Lankester,lartingstallbo@histats.com,F,6117,12282,0,47,TRUE,10-Jan-19,Bangalore
tenant422,Ms,Creigh Kitteman,vkilloughbp@github.com,F,6484,21217,1,46,TRUE,20-Apr-19,Bangalore
tenant423,Ms,Karlotta Emby,pbroscombebq@shutterfly.com,F,7642,28152,1,39,TRUE,6-Apr-19,Bangalore
tenant424,Ms,Ariana Dorricott,tgoodspeedbr@squidoo.com,F,5491,23674,1,54,FALSE,12-Feb-19,Bangalore
tenant425,Ms,Eddy Dulwich,rmcewenbs@unc.edu,F,5150,14851,0,25,TRUE,31-Oct-18,Bangalore
tenant426,Ms,Noelani Spenton,lschurickebt@about.com,F,5150,20837,1,51,TRUE,25-Feb-19,Bangalore
tenant427,Mr,Cordula Kendell,arobjantbu@wikispaces.com,M,5237,12082,0,22,TRUE,30-Aug-18,Bangalore
tenant428,Ms,Jenica Clew,hisaacsbv@dion.ne.jp,F,7551,27332,1,41,FALSE,17-May-18,Bangalore
tenant429,Mr,Hillard Sinnott,twinwoodbw@bloomberg.com,M,6985,15977,1,43,FALSE,4-Apr-19,Bangalore
tenant430,Ms,Chrotoem Crampsey,tsangwinbx@businessweek.com,F,7744,29033,1,38,FALSE,25-Dec-18,Bangalore
tenant431,Ms,Jaquelyn Nottle,tbrodeurby@squidoo.com,F,6223,24691,1,56,FALSE,3-Sep-18,Bangalore
tenant432,Ms,Niven Patry,ggorettibz@intel.com,F,7674,19341,1,44,FALSE,19-Jan-19,Bangalore
tenant433,Mr,Katherina Bennellick,rwillingamc0@sourceforge.net,M,7513,13589,0,49,TRUE,7-Dec-18,Bangalore
tenant434,Dr,Hanny Klezmski,wbrilonc1@eventbrite.com,M,6307,28607,1,24,FALSE,9-Jan-19,Bangalore
tenant435,Mr,Natalee Higford,dbetjemanc2@nasa.gov,M,6048,19776,1,32,TRUE,26-Nov-18,Bangalore
tenant436,Ms,Janetta Malek,athorntondewhirstc3@berkeley.edu,F,5491,25246,1,54,TRUE,3-Sep-18,Bangalore
tenant437,Ms,Had Donnelly,cheedc4@timesonline.co.uk,F,7482,27917,1,51,TRUE,24-Oct-18,Bangalore
tenant438,Ms,Celia Waddie,vlacasac5@bloglovin.com,F,7140,26616,1,52,TRUE,20-Nov-18,Bangalore
tenant439,Ms,Amelia Clarae,bsangwinc6@pinterest.com,F,7301,14225,0,52,FALSE,8-Dec-18,Bangalore
tenant440,Ms,Elston Iacovini,fessonc7@etsy.com,F,7635,28095,1,48,TRUE,4-Jun-18,Bangalore
tenant441,Ms,Stoddard Dursley,mbagnalc8@yahoo.co.jp,F,7882,18831,1,21,TRUE,9-Aug-18,Bangalore
tenant442,Ms,Winnifred Romayne,vdowlesc9@addtoany.com,F,6388,13799,0,30,TRUE,20-Apr-19,Bangalore
tenant443,Dr,Shanon Tather,rkilfoyleca@uiuc.edu,M,7317,26744,1,24,FALSE,4-Sep-18,Bangalore
tenant444,Ms,Gerri Cogman,mcrottycb@elpais.com,F,5955,25379,1,22,TRUE,6-Jan-19,Bangalore
tenant445,Ms,Constantin Tuma,hspraggecc@edublogs.org,F,5857,21512,1,22,TRUE,5-Jul-18,Bangalore
tenant446,Mr,Gun Diegan,cbunncd@spiegel.de,M,7727,12190,0,38,FALSE,18-Sep-18,Bangalore
tenant447,Dr,Cirilo O'Brollachain,bwilcherce@addthis.com,M,7064,23450,1,27,TRUE,1-Feb-19,Bangalore
tenant448,Ms,Mommy Jex,lflobertcf@google.fr,F,6946,23058,1,21,TRUE,11-Sep-18,Bangalore
tenant449,Dr,Maryanne Wastell,vjeckellscg@cafepress.com,M,7776,21964,1,22,FALSE,9-Feb-19,Bangalore
tenant450,Ms,Cornelius Hannah,prunciech@freewebs.com,F,5597,16825,1,50,TRUE,24-Nov-18,Bangalore
tenant451,Ms,Daveta Andreou,slunaci@theatlantic.com,F,5260,29052,1,28,FALSE,1-Feb-19,Bangalore
tenant452,Ms,Albertine Isard,jpignoncj@nature.com,F,6549,24055,1,20,TRUE,11-Jul-18,Bangalore
tenant453,Mr,Dredi Gullan,amcquadeck@geocities.com,M,6147,12507,0,28,FALSE,11-Aug-18,Bangalore
tenant454,Mr,Puff Sumers,wakramcl@netvibes.com,M,5063,16890,1,21,TRUE,18-Dec-18,Bangalore
tenant455,Dr,Matty Cancott,mberntcm@ustream.tv,M,6297,21732,1,41,TRUE,3-Jan-19,Bangalore
tenant456,Dr,Jaymee Matantsev,cmerrydewcn@spotify.com,M,7718,23412,1,39,FALSE,14-Jan-19,Bangalore
tenant457,Mr,Dawna Stroud,jharrismithco@alexa.com,M,5715,18456,1,20,TRUE,28-Apr-19,Bangalore
tenant458,Ms,Carly Alforde,kdallincp@nyu.edu,F,6510,15914,1,21,FALSE,18-Apr-19,Bangalore
tenant459,Ms,Tobi Petkov,cmcgettigancq@mediafire.com,F,7637,18820,1,57,TRUE,31-Dec-18,Bangalore
tenant460,Dr,Caz Beaford,dsydneycr@mozilla.com,M,7435,28592,1,22,TRUE,15-Dec-18,Bangalore
tenant461,Ms,Dana Mushrow,rdiglincs@bbc.co.uk,F,6602,25955,1,41,FALSE,8-Feb-19,Bangalore
tenant462,Mr,Andie Prigmore,nboisect@cornell.edu,M,7845,14152,0,40,FALSE,13-May-19,Bangalore
tenant463,Mr,Cassaundra Yeeles,pspratlingcu@privacy.gov.au,M,5096,18839,1,39,TRUE,24-Feb-19,Bangalore
tenant464,Dr,Lennie Scroggs,ccuniocv@ed.gov,M,6413,23340,1,53,TRUE,26-Sep-18,Bangalore
tenant465,Ms,Quinton D'eath,iaerscw@google.es,F,5480,29177,1,51,FALSE,13-Feb-19,Bangalore
tenant466,Ms,Elisa Spridgen,gnewborncx@marriott.com,F,6480,17572,1,28,FALSE,12-Jan-19,Bangalore
tenant467,Mr,Gillie Pinchon,ldiegocy@123-reg.co.uk,M,7070,12314,0,53,TRUE,28-Mar-19,Bangalore
tenant468,Mr,Lynnea O' Concannon,vjeppscz@whitehouse.gov,M,5306,19353,1,21,TRUE,26-Mar-19,Bangalore
tenant469,Mr,Amory Fosdike,rsmidmord0@nih.gov,M,6365,19575,1,43,FALSE,21-Jan-19,Bangalore
tenant470,Dr,Immanuel Simms,rwestmacottd1@gnu.org,M,6302,28375,1,55,FALSE,8-Jun-18,Bangalore
tenant471,Dr,Jilly Artrick,sreffed2@pbs.org,M,5068,20697,1,60,TRUE,18-Jun-18,Bangalore
tenant472,Dr,Morton Cramer,ktetherd3@blogs.com,M,6583,29257,1,25,TRUE,19-Apr-19,Bangalore
tenant473,Dr,Callie McCobb,nbrierlyd4@tuttocitta.it,M,5624,21412,1,56,TRUE,26-Sep-18,Bangalore
tenant474,Mr,Mathilda Rigge,adunmuird5@nih.gov,M,5346,15453,1,52,TRUE,2-Oct-18,Bangalore
tenant475,Dr,Abigail Siemon,tbarlowd6@netscape.com,M,5288,27189,1,45,TRUE,17-Sep-18,Bangalore
tenant476,Dr,Beverly Nawton,iizzettd7@paginegialle.it,M,6863,29567,1,38,TRUE,8-Jul-18,Bangalore
tenant477,Mr,Ernaline Measor,amongand8@histats.com,M,7741,15341,1,38,FALSE,9-Jan-19,Bangalore
tenant478,Ms,Carolann Chaman,pburdelld9@jimdo.com,F,5490,24647,1,59,TRUE,27-Dec-18,Bangalore
tenant479,Mr,Morten Goodram,retchinghamda@chicagotribune.com,M,5554,14103,0,37,TRUE,25-Dec-18,Bangalore
tenant480,Mr,Harriott Flaunier,twinderdb@ehow.com,M,5482,17538,1,32,FALSE,20-Feb-19,Bangalore
tenant481,Dr,Euell Bailes,bteacydc@gnu.org,M,5026,24968,1,46,FALSE,19-May-18,Bangalore
tenant482,Dr,Guido Moxom,mnavarijodd@bbb.org,M,5032,26023,1,46,TRUE,22-Jan-19,Bangalore
tenant483,Mr,Freddy Meneghi,bhoyerde@yahoo.com,M,5237,10472,0,42,TRUE,22-Oct-18,Bangalore
tenant484,Ms,Nefen Hanes,opheardf@wordpress.com,F,7813,29275,1,48,TRUE,4-Jan-19,Bangalore
tenant485,Dr,Munroe Sabati,eskallydg@statcounter.com,M,7363,28885,1,50,TRUE,7-Dec-18,Bangalore
tenant486,Mr,Hilarius Meineking,sbenchdh@mapquest.com,M,7587,14494,0,52,TRUE,16-Jun-18,Bangalore
tenant487,Mr,Marijn Ashdown,xnultydi@skyrock.com,M,6523,14074,0,30,TRUE,11-Jul-18,Bangalore
tenant488,Mr,Freddi Maffei,hpeardedj@unc.edu,M,7938,13118,0,34,FALSE,1-Jul-18,Bangalore
tenant489,Mr,Merilee Figge,ncantrilldk@typepad.com,M,7728,10972,0,25,TRUE,14-Jan-19,Bangalore
tenant490,Ms,Stormy Tunmore,prodriguezdl@sina.com.cn,F,7656,15532,1,51,FALSE,21-May-18,Bangalore
tenant491,Dr,Frederique McKinn,aadamedm@yellowbook.com,M,7049,28350,1,30,FALSE,19-Aug-18,Bangalore
tenant492,Dr,Kermy Halleday,vmartonfidn@amazon.co.uk,M,6859,26655,1,38,TRUE,9-Feb-19,Bangalore
tenant493,Dr,Nona Keble,chowettdo@yahoo.co.jp,M,6945,27547,1,26,FALSE,1-Jun-18,Bangalore
tenant494,Ms,Malvina Pow,mgiraldodp@webnode.com,F,6290,28779,1,21,TRUE,27-Jan-19,Bangalore
tenant495,Ms,Blaine Shucksmith,tswarbriggdq@eventbrite.com,F,6327,17519,1,46,FALSE,12-May-19,Bangalore
tenant496,Dr,Regan Pes,fbedissdr@desdev.cn,M,6036,25752,1,51,TRUE,25-Jul-18,Bangalore
tenant497,Mr,Nickolai Billingham,sklimkods@ovh.net,M,7836,10247,0,26,FALSE,11-Apr-19,Bangalore
tenant498,Mr,Humfrey Instrell,jcheckleydt@so-net.ne.jp,M,7227,15507,1,47,FALSE,7-Mar-19,Bangalore
tenant499,Ms,Nadiya Sines,ltankindu@alexa.com,F,7997,13994,0,32,TRUE,20-Mar-19,Bangalore
tenant500,Dr,Evan Boundy,ekenworthydv@sfgate.com,M,7172,22674,1,29,TRUE,11-Feb-19,Bangalore
tenant501,Mr,Diann Sperrett,dcoggondw@irs.gov,M,6089,16111,1,40,TRUE,12-May-19,Bangalore
tenant502,Mr,Fulvia Matys,hlangtreedx@google.co.uk,M,7113,17961,1,26,TRUE,22-Nov-18,Bangalore
tenant503,Dr,Billie Colvie,kaitchisondy@purevolume.com,M,5542,26525,1,28,FALSE,20-Jun-18,Bangalore
tenant504,Dr,Magdalena Dew,bporteousdz@deliciousdays.com,M,5891,25542,1,46,FALSE,6-Jan-19,Bangalore
tenant505,Mr,Buddy Eilhersen,zdrennane0@pbs.org,M,6060,14741,0,53,FALSE,29-Jan-19,Bangalore
tenant506,Dr,Devland Lomansey,mrustede1@simplemachines.org,M,7557,23411,1,44,FALSE,2-Oct-18,Bangalore
tenant507,Mr,Dawn Ranfield,mocaheye2@etsy.com,M,7106,16967,1,48,FALSE,31-Mar-19,Bangalore
tenant508,Mr,Emmalynne Emlin,ekaesmakerse3@ihg.com,M,5833,17561,1,23,TRUE,15-May-19,Bangalore
tenant509,Ms,Shawn Pattisson,dsporlee4@smugmug.com,F,6583,16395,1,45,TRUE,27-Aug-18,Bangalore
tenant510,Dr,Kris Bigby,thuskissone5@tiny.cc,M,7112,29669,1,41,FALSE,29-Sep-18,Bangalore
tenant511,Dr,Helyn Elner,ldaddowe6@bbc.co.uk,M,6635,27237,1,45,TRUE,2-Mar-19,Bangalore
tenant512,Ms,Vi Lorentz,ispikingse7@comsenz.com,F,6309,24124,1,23,FALSE,12-Oct-18,Bangalore
tenant513,Mr,Linn Godley,gdanelse8@adobe.com,M,5692,17990,1,48,FALSE,9-Feb-19,Bangalore
tenant514,Ms,Bree Collison,amargettse9@ft.com,F,6031,21493,1,42,TRUE,2-Oct-18,Bangalore
tenant515,Ms,Sherry Churly,wjinkinsea@examiner.com,F,5227,25291,1,26,TRUE,17-Jan-19,Bangalore
tenant516,Dr,Lishe McNeil,jbrammareb@webs.com,M,5132,26483,1,59,FALSE,3-May-19,Bangalore
tenant517,Mr,Bianca Jzak,scandelinec@theatlantic.com,M,7967,18238,1,59,TRUE,31-May-18,Bangalore
tenant518,Ms,Nara Hurler,tgasperoed@addtoany.com,F,7138,14560,0,53,FALSE,15-Oct-18,Bangalore
tenant519,Ms,Penni Soden,dridingsee@latimes.com,F,5168,15509,1,37,TRUE,17-Sep-18,Bangalore
tenant520,Dr,Eldon Ackermann,bskeermeref@sitemeter.com,M,5321,25658,1,56,FALSE,13-Mar-19,Bangalore
tenant521,Mr,Dionis Duberry,dhaberghameg@wiley.com,M,7255,19590,1,46,FALSE,1-May-19,Bangalore
tenant522,Dr,Eleanora Geddes,bgiorgeschieh@lycos.com,M,7198,26529,1,26,FALSE,7-May-19,Bangalore
tenant523,Ms,Judas Berry,wdinniesei@networksolutions.com,F,6547,16212,1,33,TRUE,17-May-18,Bangalore
tenant524,Ms,Galvan Cuel,swarneej@so-net.ne.jp,F,6623,10970,0,56,FALSE,9-Feb-19,Bangalore
tenant525,Ms,Ruthe Woolway,emckerlieek@rambler.ru,F,6322,12355,0,48,TRUE,7-Nov-18,Bangalore
tenant526,Dr,Tawsha Hardern,olucockel@ftc.gov,M,6593,27909,1,60,TRUE,31-May-18,Bangalore
tenant527,Mr,Leticia Tarquinio,asawoodem@nymag.com,M,6780,11935,0,42,TRUE,7-Sep-18,Bangalore
tenant528,Ms,Nari Scaplehorn,brobunen@un.org,F,7431,29853,1,23,TRUE,5-May-19,Bangalore
tenant529,Ms,Agnella Densey,nmarsheo@wufoo.com,F,6639,16757,1,33,TRUE,27-Sep-18,Bangalore
tenant530,Ms,Marybelle McWhannel,adraynep@yelp.com,F,7297,21002,1,29,FALSE,12-Nov-18,Bangalore
tenant531,Mr,Penrod Raisher,shaddintoneq@is.gd,M,7028,10106,0,48,TRUE,29-Apr-19,Bangalore
tenant532,Mr,Corenda Ewols,fchateler@arizona.edu,M,6821,15669,1,46,TRUE,5-Feb-19,Bangalore
tenant533,Mr,Myles Franzonello,tfealeyes@howstuffworks.com,M,6663,15222,1,55,TRUE,2-Apr-19,Bangalore
tenant534,Ms,Yank Aven,rmcgowranet@technorati.com,F,5178,28474,1,49,TRUE,12-Sep-18,Bangalore
tenant535,Dr,Renault Strongitharm,gkellawayeu@creativecommons.org,M,7192,28944,1,26,TRUE,22-Jul-18,Bangalore
tenant536,Ms,Artie Filipov,obalwinev@youtu.be,F,5648,29080,1,50,TRUE,12-Oct-18,Bangalore
tenant537,Mr,Paloma Gulley,imenloveew@ihg.com,M,5726,11769,0,51,TRUE,13-Jul-18,Bangalore
tenant538,Ms,Pace Baldry,cwilkennsonex@tinyurl.com,F,6860,10899,0,32,TRUE,24-Sep-18,Bangalore
tenant539,Ms,Halsy Tuttiett,rteliginey@goo.ne.jp,F,7034,14888,0,45,FALSE,26-Jun-18,Bangalore
tenant540,Ms,Erinna Hickin,gmesiasez@ucsd.edu,F,6109,24026,1,33,TRUE,10-Mar-19,Bangalore
tenant541,Mr,Colin Isaksen,ajoinseyf0@blogtalkradio.com,M,5941,10639,0,58,FALSE,31-Mar-19,Bangalore
tenant542,Ms,Mady Voyce,gdacref1@boston.com,F,7967,24985,1,56,FALSE,12-May-19,Bangalore
tenant543,Ms,Eliza Ream,plillyf2@wix.com,F,6482,19403,1,28,FALSE,29-Aug-18,Bangalore
tenant544,Mr,Kippy Bamblett,ekornesf3@fema.gov,M,6684,16248,1,50,FALSE,23-Nov-18,Bangalore
tenant545,Mr,Leonard Castaignet,cchallenorf4@ftc.gov,M,7291,16154,1,59,TRUE,14-Mar-19,Bangalore
tenant546,Ms,Derrik Poore,rkorneichikf5@shinystat.com,F,6579,10433,0,36,TRUE,19-Nov-18,Bangalore
tenant547,Dr,Ericka Tradewell,kpettigreef6@npr.org,M,5771,26519,1,57,FALSE,16-Aug-18,Bangalore
tenant548,Mr,Ingmar Dimmack,ythriftf7@mysql.com,M,6925,15481,1,57,TRUE,9-Oct-18,Bangalore
tenant549,Ms,Charlean Colbran,tgutridgef8@amazon.co.uk,F,7992,10697,0,55,FALSE,9-Mar-19,Bangalore
tenant550,Ms,Hildegaard Brookton,jsearchf9@sina.com.cn,F,5771,28958,1,48,TRUE,8-Nov-18,Bangalore
tenant551,Ms,Herb Balderstone,sdelvefa@un.org,F,5863,11413,0,39,FALSE,25-Apr-19,Bangalore
tenant552,Ms,Sandie Jain,wlinnettfb@irs.gov,F,7442,25230,1,28,FALSE,18-Nov-18,Bangalore
tenant553,Ms,Lottie Minger,vrozsafc@newyorker.com,F,6023,19265,1,34,TRUE,5-Oct-18,Bangalore
tenant554,Dr,Daloris Palk,ahaselhurstfd@printfriendly.com,M,5422,20013,1,53,TRUE,25-Mar-19,Bangalore
tenant555,Mr,Danette Stephens,dcaressfe@com.com,M,7975,12929,0,33,TRUE,29-Apr-19,Bangalore
tenant556,Ms,Kristi Grint,covillff@pagesperso-orange.fr,F,5774,11190,0,30,TRUE,18-Jun-18,Bangalore
tenant557,Dr,Shena Trethowan,cwillmentfg@tiny.cc,M,7640,28898,1,50,FALSE,2-Jan-19,Bangalore
tenant558,Mr,Winnie Hamer,pdanesfh@ebay.com,M,5398,17207,1,45,FALSE,27-Sep-18,Bangalore
tenant559,Mr,Meghan Adne,ebavridgefi@apple.com,M,5608,16476,1,53,FALSE,7-Apr-19,Bangalore
tenant560,Mr,Guglielmo Yon,nkennanfj@shutterfly.com,M,7521,12516,0,55,FALSE,3-Apr-19,Bangalore
tenant561,Dr,Harvey Caudrey,kasmanfk@eepurl.com,M,7110,22420,1,20,FALSE,17-May-18,Bangalore
tenant562,Dr,Damita Hunnicot,cclemenceaufl@slate.com,M,5109,23145,1,25,FALSE,22-Jun-18,Bangalore
tenant563,Ms,Stafford Esh,tjurekfm@dyndns.org,F,7881,15931,1,41,TRUE,4-Dec-18,Bangalore
tenant564,Dr,Eberto Blose,gwalthewfn@mysql.com,M,6920,27629,1,47,TRUE,17-Apr-19,Bangalore
tenant565,Ms,Ugo Autin,tweatherillfo@360.cn,F,5436,21885,1,54,FALSE,19-Nov-18,Bangalore
tenant566,Ms,Lotti Cornill,trawnefp@mediafire.com,F,5739,17874,1,46,FALSE,13-Mar-19,Bangalore
tenant567,Ms,Desiri Bourget,hprazorfq@tripadvisor.com,F,5821,11604,0,44,TRUE,18-Oct-18,Bangalore
tenant568,Dr,Loise Royall,iduckittfr@dailymotion.com,M,7654,29056,1,34,FALSE,29-Jul-18,Bangalore
tenant569,Ms,Audie Velti,sgommowefs@timesonline.co.uk,F,5715,13556,0,49,TRUE,7-Mar-19,Bangalore
tenant570,Ms,Gilles Bushnell,rfarringtonft@wired.com,F,7810,24937,1,58,TRUE,6-May-19,Bangalore
tenant571,Dr,Ettie Shrawley,cblasdalefu@cbslocal.com,M,6142,26925,1,46,TRUE,6-May-19,Bangalore
tenant572,Ms,Corbie Hurlston,jknevetfv@imdb.com,F,7709,27298,1,50,FALSE,18-Apr-19,Bangalore
tenant573,Mr,Celinda Horrell,awelfordfw@comcast.net,M,6422,12241,0,30,FALSE,13-Jun-18,Bangalore
tenant574,Dr,Ardis Rego,jsimonyfx@dyndns.org,M,6122,25794,1,58,FALSE,1-Jun-18,Bangalore
tenant575,Ms,Eolanda Danelet,eholbarrowfy@nba.com,F,6444,10652,0,53,TRUE,29-Nov-18,Bangalore
tenant576,Ms,Amata Ruggier,wbeavonfz@homestead.com,F,7527,24467,1,54,TRUE,4-Dec-18,Bangalore
tenant577,Mr,Sarajane Polhill,tmorisong0@imgur.com,M,5407,14851,0,50,FALSE,6-Dec-18,Bangalore
tenant578,Ms,Burton Matej,tlandrethg1@loc.gov,F,5913,10012,0,60,TRUE,20-Oct-18,Bangalore
tenant579,Ms,Gracie Tudge,ktythacottg2@discuz.net,F,7473,24542,1,41,FALSE,20-Feb-19,Bangalore
tenant580,Dr,Rhett Kiely,jneillg3@blinklist.com,M,7873,23561,1,31,FALSE,1-Oct-18,Bangalore
tenant581,Ms,Perren Ellcome,sgovinlockg4@drupal.org,F,5272,17983,1,33,TRUE,29-Mar-19,Bangalore
tenant582,Ms,Myca Diche,cstoyleg5@theatlantic.com,F,6186,15379,1,49,TRUE,28-Feb-19,Bangalore
tenant583,Dr,Carita Goodwins,ashipperbottomg6@narod.ru,M,7764,28714,1,31,FALSE,13-Dec-18,Bangalore
tenant584,Mr,Evaleen Girardengo,jkiehneg7@technorati.com,M,6165,19770,1,40,TRUE,30-Nov-18,Bangalore
tenant585,Ms,Dotti Valeri,cinglishg8@ca.gov,F,5566,13120,0,57,FALSE,11-Jun-18,Bangalore
tenant586,Ms,Scott Grattage,rmcorkillg9@slate.com,F,6142,10562,0,22,FALSE,12-Feb-19,Bangalore
tenant587,Ms,Ravi Kayes,ddupreyga@jimdo.com,F,6118,17837,1,52,FALSE,10-Jan-19,Bangalore
tenant588,Ms,Emmi Attenbrow,ogadsongb@engadget.com,F,5030,25588,1,20,FALSE,31-May-18,Bangalore
tenant589,Mr,Charleen Parmby,rryallgc@sphinn.com,M,5008,19493,1,48,FALSE,15-May-19,Bangalore
tenant590,Mr,Tab Evins,mnorfolkgd@ted.com,M,5289,16563,1,20,TRUE,5-Aug-18,Bangalore
tenant591,Mr,Tera Huckfield,dcampege@cocolog-nifty.com,M,7388,14490,0,31,FALSE,1-May-19,Bangalore
tenant592,Ms,Artus Hubatsch,lroswarngf@bloomberg.com,F,5943,21234,1,57,FALSE,19-Apr-19,Bangalore
tenant593,Ms,Aubry Degoe,rtaffegg@nasa.gov,F,5050,21942,1,32,TRUE,28-Mar-19,Bangalore
tenant594,Ms,Hermie O'Doherty,lbrobyngh@salon.com,F,7463,13820,0,43,TRUE,13-Jul-18,Bangalore
tenant595,Ms,Anni Guiu,aseagravegi@sun.com,F,5945,28334,1,47,FALSE,21-Feb-19,Bangalore
tenant596,Dr,Gwenora Shieldon,ghailygj@soup.io,M,7679,22584,1,35,TRUE,14-Aug-18,Bangalore
tenant597,Dr,Erin Georgel,lnealandgk@kickstarter.com,M,6728,23974,1,52,TRUE,8-Jul-18,Bangalore
tenant598,Mr,Earvin Mockes,lvondracekgl@amazonaws.com,M,6068,18335,1,59,TRUE,21-Apr-19,Bangalore
tenant599,Mr,Jojo Duggon,rsurmeirgm@quantcast.com,M,5110,19124,1,25,TRUE,10-May-19,Bangalore
tenant600,Ms,Mufi Gallager,dstearnesgn@tinypic.com,F,5771,10822,0,51,TRUE,12-Jun-18,Bangalore
tenant601,Ms,Olly Risebrow,ressebygo@merriam-webster.com,F,6289,12814,0,37,TRUE,15-Jun-18,Bangalore
tenant602,Mr,Jabez Pavlenkov,jcleevesgp@time.com,M,5525,18342,1,37,FALSE,4-Mar-19,Bangalore
tenant603,Mr,Alvira Kleingrub,acawtheraygq@instagram.com,M,6795,12289,0,26,TRUE,22-Sep-18,Bangalore
tenant604,Mr,Konstantin Cusick,slittletongr@toplist.cz,M,5577,18927,1,47,FALSE,25-Jun-18,Bangalore
tenant605,Dr,Rhoda Neeson,tfurmingergs@bandcamp.com,M,7123,26919,1,26,FALSE,27-Dec-18,Bangalore
tenant606,Ms,Vickie O'Dooghaine,slosebiegt@oakley.com,F,6513,14482,0,56,TRUE,16-Jul-18,Bangalore
tenant607,Ms,Erik Kenwell,bcarvillegu@huffingtonpost.com,F,6299,26653,1,25,TRUE,11-May-19,Bangalore
tenant608,Ms,Hazel Janodet,vpudangv@yale.edu,F,7342,20793,1,57,TRUE,20-Feb-19,Bangalore
tenant609,Dr,Ferdie Velde,ncowlinggw@multiply.com,M,5221,29893,1,42,FALSE,23-Nov-18,Bangalore
tenant610,Ms,Betteanne Joutapavicius,ftournaygx@guardian.co.uk,F,6982,17150,1,39,TRUE,21-Nov-18,Bangalore
tenant611,Dr,Hayyim Kobes,aabramowgy@noaa.gov,M,5670,22233,1,41,FALSE,4-Apr-19,Bangalore
tenant612,Mr,Lilly McQuin,smaasegz@aol.com,M,6358,16727,1,26,TRUE,8-Feb-19,Bangalore
tenant613,Ms,Gabey Byforth,bdaykinh0@chicagotribune.com,F,6341,20347,1,51,FALSE,17-Aug-18,Bangalore
tenant614,Ms,Yancy Kornalik,edemkowiczh1@yahoo.com,F,5782,16963,1,51,FALSE,15-Sep-18,Bangalore
tenant615,Ms,Dewie Sherlaw,femmah2@ocn.ne.jp,F,6785,28636,1,29,TRUE,8-Jun-18,Bangalore
tenant616,Mr,Cairistiona Lobbe,bduerdinh3@ifeng.com,M,5727,18039,1,39,TRUE,1-Aug-18,Bangalore
tenant617,Dr,Reggi Rawstron,apharroh4@tumblr.com,M,6141,25309,1,36,FALSE,13-Jun-18,Bangalore
tenant618,Mr,Lesley Stickens,hblaesh5@cmu.edu,M,5033,11550,0,40,TRUE,19-Oct-18,Bangalore
tenant619,Mr,Bent Ferneley,bbawlesh6@latimes.com,M,5870,15367,1,59,FALSE,7-Oct-18,Bangalore
tenant620,Dr,Herbert Fishley,zvanyukovh7@washingtonpost.com,M,5314,29101,1,46,TRUE,9-Aug-18,Bangalore
tenant621,Mr,Barbe Willgrass,bfiskh8@bloglovin.com,M,7705,16622,1,46,FALSE,18-Jul-18,Bangalore
tenant622,Mr,Brenna Tomaschke,mbeauh9@mtv.com,M,5346,19033,1,55,FALSE,7-Nov-18,Bangalore
tenant623,Dr,Emlyn Patroni,jbartkiewiczha@howstuffworks.com,M,6421,21389,1,25,TRUE,22-Jan-19,Bangalore
tenant624,Dr,Camille Mardoll,mmacchaellhb@mtv.com,M,5959,26490,1,52,FALSE,15-Jan-19,Bangalore
tenant625,Ms,Valentine Mandy,gdowdellhc@webeden.co.uk,F,6740,10769,0,47,TRUE,9-Feb-19,Bangalore
tenant626,Mr,Renaud Jarnell,rmacalorenhd@wisc.edu,M,6022,19087,1,29,TRUE,27-Apr-19,Bangalore
tenant627,Mr,Arly Gotmann,carnollhe@comsenz.com,M,6361,13574,0,29,TRUE,2-Aug-18,Bangalore
tenant628,Ms,Rhona Honeyghan,mheardhf@amazon.co.uk,F,5055,19502,1,43,TRUE,30-Dec-18,Bangalore
tenant629,Ms,Nady Dudding,epolleyehg@discovery.com,F,7084,26267,1,46,FALSE,16-Jan-19,Bangalore
tenant630,Dr,Smith MacCrossan,neppshh@cmu.edu,M,6226,20045,1,59,FALSE,26-May-18,Bangalore
tenant631,Dr,Jorrie Beggs,kbruckmannhi@wordpress.org,M,5947,23529,1,51,FALSE,3-Oct-18,Bangalore
tenant632,Ms,Collen Haly,fwheowallhj@prlog.org,F,6779,17742,1,28,FALSE,2-Jan-19,Bangalore
tenant633,Ms,Joshua Wardrop,bjouanetonhk@upenn.edu,F,5606,10875,0,28,TRUE,21-Mar-19,Bangalore
tenant634,Mr,Katerine Munson,sthebeauhl@de.vu,M,6358,14724,0,39,TRUE,13-Feb-19,Bangalore
tenant635,Ms,Minerva Uppett,ihelleckashm@linkedin.com,F,5648,29403,1,26,TRUE,29-Jan-19,Bangalore
tenant636,Mr,Liana Raiker,dpopescuhn@macromedia.com,M,7889,15768,1,57,FALSE,13-Apr-19,Bangalore
tenant637,Ms,Juieta Capaldi,lmasserho@jigsy.com,F,5664,22009,1,25,TRUE,4-Jan-19,Bangalore
tenant638,Ms,Annabelle Gianetti,cwaywellhp@google.it,F,6192,18307,1,55,FALSE,22-Oct-18,Bangalore
tenant639,Mr,Yehudit Ingham,jmcmenamiehq@answers.com,M,5387,11961,0,52,FALSE,11-Sep-18,Bangalore
tenant640,Ms,Dierdre Whoston,mrichmondhr@businesswire.com,F,6088,25379,1,26,FALSE,31-Jul-18,Bangalore
tenant641,Mr,Yetta Levee,bderellhs@amazon.de,M,6078,14507,0,28,FALSE,17-May-18,Bangalore
tenant642,Ms,Kristyn Bridgwater,ahaygreenht@ox.ac.uk,F,5188,18912,1,27,FALSE,17-Oct-18,Bangalore
tenant643,Dr,Allyn Sawnwy,mbartelhu@ucoz.com,M,5857,20672,1,51,FALSE,17-Apr-19,Bangalore
tenant644,Mr,Mari Cramond,atalmadgehv@sogou.com,M,7131,13896,0,38,TRUE,26-Feb-19,Bangalore
tenant645,Dr,Abrahan Eddisforth,lcreavanhw@delicious.com,M,6249,24067,1,29,TRUE,21-Mar-19,Bangalore
tenant646,Dr,Delora Golagley,ariepelhx@cargocollective.com,M,7389,29749,1,55,FALSE,13-Aug-18,Bangalore
tenant647,Ms,Sofia Brownlow,mguyonhy@ocn.ne.jp,F,5738,13968,0,38,FALSE,6-Dec-18,Bangalore
tenant648,Ms,Lydia Mullard,hcrightenhz@shinystat.com,F,5061,25895,1,53,FALSE,18-Sep-18,Bangalore
tenant649,Ms,Gracie Detoile,mleveri0@blinklist.com,F,5690,20400,1,52,FALSE,14-Aug-18,Bangalore
tenant650,Ms,Alla Streatley,rkimblini1@vistaprint.com,F,5732,29263,1,57,FALSE,12-Jul-18,Bangalore
tenant651,Mr,Alberta Morrill,ooscrofti2@baidu.com,M,5604,13849,0,41,TRUE,10-Jan-19,Bangalore
tenant652,Ms,Shir Garling,dwalkletti3@google.pl,F,6730,28016,1,23,TRUE,13-Mar-19,Bangalore
tenant653,Ms,Ardisj Rechert,dkneebonei4@bloglovin.com,F,6106,19591,1,54,FALSE,20-Jan-19,Bangalore
tenant654,Dr,Quentin Conkey,kpietruszkai5@vinaora.com,M,7904,28988,1,35,TRUE,31-Mar-19,Bangalore
tenant655,Dr,Lorne Inggall,dsaffeni6@merriam-webster.com,M,6531,29894,1,46,TRUE,12-Oct-18,Bangalore
tenant656,Ms,Evered Hinkensen,jmanvillei7@drupal.org,F,5050,29197,1,57,FALSE,28-Oct-18,Bangalore
tenant657,Dr,L;urette Whitton,hnocki8@surveymonkey.com,M,7883,28153,1,32,FALSE,2-Jun-18,Bangalore
tenant658,Mr,Amandie Dampney,ksellandi9@imgur.com,M,7396,14434,0,33,FALSE,31-Aug-18,Bangalore
tenant659,Ms,Gabby Thys,keassomia@geocities.jp,F,5054,24641,1,22,TRUE,22-May-18,Bangalore
tenant660,Ms,Tobe Berni,spleassib@nifty.com,F,7708,28805,1,36,TRUE,8-Sep-18,Bangalore
tenant661,Mr,Sonnnie Ivic,tlathleiffureic@networkadvertising.org,M,6749,17942,1,58,TRUE,22-Dec-18,Bangalore
tenant662,Mr,Prue Bowdidge,jbennisonid@prnewswire.com,M,5659,14851,0,51,FALSE,5-May-19,Bangalore
tenant663,Ms,Scott Varlow,emapsie@cargocollective.com,F,7993,22035,1,30,TRUE,12-Jan-19,Bangalore
tenant664,Mr,Rayner Kerslake,planahanif@altervista.org,M,7802,19158,1,56,FALSE,10-Jan-19,Bangalore
tenant665,Dr,Cayla McCutcheon,ikelshawig@joomla.org,M,6035,29241,1,58,FALSE,18-May-18,Bangalore
tenant666,Dr,Ker Buzine,mpygottih@sogou.com,M,6391,23059,1,26,TRUE,20-Apr-19,Bangalore
tenant667,Mr,Hank MacMillan,mcoffeyii@addtoany.com,M,7376,10447,0,20,TRUE,31-Mar-19,Bangalore
tenant668,Ms,Isidor Clawley,jabaziij@sciencedirect.com,F,6808,23324,1,20,TRUE,9-Sep-18,Bangalore
tenant669,Ms,Emma Wycherley,cscuttik@walmart.com,F,6584,15302,1,25,TRUE,22-Sep-18,Bangalore
tenant670,Ms,Field von Grollmann,jdehailesil@google.fr,F,5138,10520,0,20,TRUE,13-Sep-18,Bangalore
tenant671,Mr,Mariquilla Hirth,csarvarim@princeton.edu,M,7422,16832,1,30,TRUE,2-Sep-18,Bangalore
tenant672,Ms,Colene Jirik,jendleyin@hatena.ne.jp,F,7301,15316,1,58,TRUE,12-Jun-18,Bangalore
tenant673,Mr,Kyrstin Escalero,bplackstoneio@tamu.edu,M,6364,17281,1,23,FALSE,11-Jun-18,Bangalore
tenant674,Ms,Sophronia Dessaur,blebellip@xing.com,F,7343,14701,0,26,FALSE,17-Sep-18,Bangalore
tenant675,Ms,Abelard Sanderson,askelhorneiq@taobao.com,F,6588,17141,1,58,FALSE,25-Jan-19,Bangalore
tenant676,Mr,Debera Cutchee,kkubasekir@house.gov,M,6507,12003,0,34,FALSE,4-Jan-19,Bangalore
tenant677,Ms,Mayne Lissenden,aseamansis@qq.com,F,7698,23275,1,45,TRUE,22-Apr-19,Bangalore
tenant678,Ms,Brigida Minter,lgrievsonit@nymag.com,F,5677,25160,1,47,TRUE,14-Jan-19,Bangalore
tenant679,Mr,Ailina Abbess,pgilstouniu@odnoklassniki.ru,M,7467,15764,1,39,TRUE,16-Nov-18,Bangalore
tenant680,Mr,Filip Crebott,sphillpottsiv@nature.com,M,6453,12594,0,25,FALSE,10-May-19,Bangalore
tenant681,Mr,Maxim Woolner,kturtleiw@europa.eu,M,6980,17246,1,22,TRUE,27-Dec-18,Bangalore
tenant682,Dr,Greggory Locker,mfrosdickix@geocities.jp,M,6628,21734,1,54,FALSE,18-Sep-18,Bangalore
tenant683,Dr,Rogers Scott,gbaystingiy@psu.edu,M,5271,23482,1,41,TRUE,9-Mar-19,Bangalore
tenant684,Ms,Kacie Schutt,egriffithiz@goo.ne.jp,F,5946,27711,1,21,FALSE,25-Oct-18,Bangalore
tenant685,Ms,Adore Goreisr,ipinkardj0@etsy.com,F,6501,22590,1,47,FALSE,27-Nov-18,Bangalore
tenant686,Ms,Giustino Jachtym,ahayerj1@nsw.gov.au,F,7447,25703,1,52,FALSE,23-May-18,Bangalore
tenant687,Ms,Luise Puddle,atrowillj2@va.gov,F,5267,16889,1,54,TRUE,23-Jun-18,Bangalore
tenant688,Ms,Chrissie Lovie,cjovicj3@hp.com,F,6077,15207,1,60,TRUE,12-Dec-18,Bangalore
tenant689,Dr,Catlee MacFadyen,etruwertj4@posterous.com,M,5168,26882,1,54,FALSE,27-Dec-18,Bangalore
tenant690,Ms,Orville Gresch,spaddickj5@washingtonpost.com,F,7507,11067,0,38,FALSE,19-Jun-18,Bangalore
tenant691,Ms,Waylan O'Gormley,ltilmouthj6@vimeo.com,F,6307,19095,1,29,FALSE,26-Oct-18,Bangalore
tenant692,Ms,Blayne Cowndley,vpanniersj7@dailymotion.com,F,7983,15645,1,59,FALSE,12-Jan-19,Bangalore
tenant693,Ms,Marline Bispham,wshepstonej8@example.com,F,7750,14873,0,26,TRUE,12-Dec-18,Bangalore
tenant694,Dr,Clement Grumley,cyongj9@hubpages.com,M,6152,23937,1,43,TRUE,8-Apr-19,Bangalore
tenant695,Mr,Christoforo McLardie,efenneyja@xing.com,M,5016,15642,1,55,FALSE,7-Sep-18,Bangalore
tenant696,Dr,Yorgos Cicetti,nmarflittjb@comsenz.com,M,6613,27744,1,32,FALSE,19-Feb-19,Bangalore
tenant697,Mr,Shayne Ellershaw,thabbeshawjc@pinterest.com,M,5019,13363,0,39,TRUE,8-Apr-19,Bangalore
tenant698,Ms,Mickey Woodcraft,hjindajd@posterous.com,F,6864,26131,1,57,FALSE,17-Apr-19,Bangalore
tenant699,Ms,Becky Quarlis,dwoodersonje@imageshack.us,F,6066,20624,1,38,TRUE,25-Dec-18,Bangalore
tenant700,Dr,Zachary Orcott,rbavinjf@illinois.edu,M,5519,23425,1,46,FALSE,6-Jul-18,Bangalore
tenant701,Mr,Correy MacGibbon,ismalemanjg@lulu.com,M,6204,15231,1,21,FALSE,28-Jun-18,Bangalore
tenant702,Ms,Darsie Beldum,esimonuttijh@merriam-webster.com,F,7664,20422,1,57,FALSE,21-Apr-19,Bangalore
tenant703,Dr,Nichol Kingsman,ealloisiji@census.gov,M,6830,24448,1,38,FALSE,5-Aug-18,Bangalore
tenant704,Ms,Tobin Di Biagi,dferresjj@thetimes.co.uk,F,7964,14440,0,43,TRUE,18-Feb-19,Bangalore
tenant705,Ms,Chev Stryde,ckalkofenjk@multiply.com,F,5532,23409,1,46,TRUE,16-May-19,Bangalore
tenant706,Dr,Rufe O'Gleasane,sspeaksjl@boston.com,M,5244,25983,1,43,TRUE,25-Nov-18,Bangalore
tenant707,Ms,Gideon Rodson,skleinsternjm@latimes.com,F,7887,15511,1,30,TRUE,16-Apr-19,Bangalore
tenant708,Ms,Nola Timeby,aoflavertyjn@gizmodo.com,F,5008,23511,1,27,FALSE,18-Jan-19,Bangalore
tenant709,Mr,Maurine Jacobssen,mkiesseljo@economist.com,M,7437,14525,0,22,FALSE,14-Nov-18,Bangalore
tenant710,Mr,Garv Olivey,mmilljp@webmd.com,M,7779,15217,1,35,TRUE,10-Feb-19,Bangalore
tenant711,Ms,Doll Rolfini,janderjq@ustream.tv,F,5467,16746,1,55,TRUE,9-Nov-18,Bangalore
tenant712,Mr,Adelaide McCurley,asaveryjr@tinypic.com,M,7510,12923,0,20,TRUE,13-Nov-18,Bangalore
tenant713,Dr,Flory Hasell,hmckainjs@cmu.edu,M,6484,21188,1,21,TRUE,3-Nov-18,Bangalore
tenant714,Ms,Jeremy Grishin,bpattingsonjt@yale.edu,F,7608,19445,1,45,TRUE,25-Aug-18,Bangalore
tenant715,Dr,Clemmy Hasted,gadamsenju@newsvine.com,M,7968,26593,1,40,FALSE,23-Mar-19,Bangalore
tenant716,Ms,Pincus Ellinor,cdjurevicjv@canalblog.com,F,7886,23206,1,24,FALSE,25-Sep-18,Bangalore
tenant717,Ms,Dierdre Bellam,rperagojw@tumblr.com,F,5474,11683,0,27,TRUE,10-Jan-19,Bangalore
tenant718,Mr,Pepita MacAne,bvaneedenjx@uiuc.edu,M,5991,10263,0,49,FALSE,7-Jun-18,Bangalore
tenant719,Dr,Lisetta Mourge,ebombjy@bigcartel.com,M,5816,24990,1,36,TRUE,16-Feb-19,Bangalore
tenant720,Ms,Bobinette Paddeley,esteablerjz@infoseek.co.jp,F,6988,17409,1,37,FALSE,8-Aug-18,Bangalore
tenant721,Mr,Allys Bramo,nmceloryk0@google.co.uk,M,7359,13533,0,26,TRUE,22-Oct-18,Bangalore
tenant722,Dr,Margit Fridd,npaddyk1@google.fr,M,6140,27260,1,57,TRUE,15-Feb-19,Bangalore
tenant723,Ms,Dall O'Duilleain,thalfacreek2@friendfeed.com,F,6047,11019,0,43,TRUE,2-Aug-18,Bangalore
tenant724,Dr,Zarla Merveille,nmordeyk3@umich.edu,M,7115,24009,1,45,TRUE,21-Mar-19,Bangalore
tenant725,Dr,Babette Pickston,sdragonk4@dyndns.org,M,7604,23652,1,28,FALSE,22-Jul-18,Bangalore
tenant726,Dr,Gavrielle Mansford,cdillewayk5@1688.com,M,7299,21626,1,60,FALSE,15-Oct-18,Bangalore
tenant727,Ms,Cirilo Purdey,gbaakek6@acquirethisname.com,F,7889,12465,0,56,FALSE,13-Apr-19,Bangalore
tenant728,Ms,Rae Buffery,jsellk7@ebay.co.uk,F,5518,14675,0,34,FALSE,9-Oct-18,Bangalore
tenant729,Ms,Magnum Derle,dglassfordk8@umich.edu,F,6095,17844,1,27,TRUE,6-Jun-18,Bangalore
tenant730,Dr,Midge Skydall,ddunank9@ucsd.edu,M,7412,26159,1,37,TRUE,21-May-18,Bangalore
tenant731,Ms,Lek Brimmacombe,kdupreeka@posterous.com,F,7363,10684,0,24,FALSE,3-Aug-18,Bangalore
tenant732,Mr,Kath Sheehy,hbouchkb@toplist.cz,M,6060,12076,0,49,FALSE,11-Dec-18,Bangalore
tenant733,Ms,Jaime Chester,tbogiekc@java.com,F,6039,15008,1,52,FALSE,23-Jul-18,Bangalore
tenant734,Dr,Zonnya Boteman,sharburtsonkd@skype.com,M,6654,28219,1,58,TRUE,3-Nov-18,Bangalore
tenant735,Ms,Rosie Esbrook,kspeekke@pen.io,F,7032,19716,1,46,FALSE,27-May-18,Bangalore
tenant736,Dr,Maxy Amthor,mbettenaykf@scribd.com,M,5240,22214,1,24,FALSE,4-Jun-18,Bangalore
tenant737,Ms,Herbert Berrey,wstrikerkg@oaic.gov.au,F,5133,21022,1,52,TRUE,1-Dec-18,Bangalore
tenant738,Dr,Thia Rowden,ngadneykh@salon.com,M,5006,28274,1,52,TRUE,9-Jun-18,Bangalore
tenant739,Dr,Ted Lowden,jthieseki@ucoz.com,M,6313,28659,1,46,TRUE,13-May-19,Bangalore
tenant740,Dr,Del Rabbage,bgyllekj@dmoz.org,M,6805,21594,1,39,TRUE,23-Nov-18,Bangalore
tenant741,Ms,Josiah Sarah,kduckettkk@naver.com,F,5321,19055,1,29,TRUE,9-Nov-18,Bangalore
tenant742,Mr,Honey Leipold,hcarlsonkl@gmpg.org,M,7158,13515,0,25,TRUE,8-May-19,Bangalore
tenant743,Mr,Donnie Huygens,mclaeskenskm@hatena.ne.jp,M,6868,11738,0,44,TRUE,19-Apr-19,Bangalore
tenant744,Dr,Twyla Mapson,rtubbskn@twitter.com,M,5219,20552,1,59,TRUE,8-Jan-19,Bangalore
tenant745,Mr,Roseanne Garry,carckollko@i2i.jp,M,7589,14243,0,46,FALSE,12-May-19,Bangalore
tenant746,Ms,Hermine Alexsandrowicz,rcolbrankp@t.co,F,6320,19631,1,41,TRUE,28-Jan-19,Bangalore
tenant747,Ms,Goober Hrachovec,teickkq@ehow.com,F,7316,24213,1,50,TRUE,27-Aug-18,Bangalore
tenant748,Mr,Gerhard Alpine,ddoulkr@walmart.com,M,6063,19174,1,20,FALSE,14-Sep-18,Bangalore
tenant749,Ms,Isis Duro,nkettlestingks@craigslist.org,F,6505,12360,0,43,FALSE,16-Oct-18,Bangalore
tenant750,Ms,Suki Frizell,vlangstrathkt@weibo.com,F,7615,11632,0,35,TRUE,8-Oct-18,Bangalore
tenant751,Dr,Alisha MacDearmid,dwandrachku@squidoo.com,M,5485,29477,1,51,FALSE,26-Jul-18,Bangalore
tenant752,Ms,Christabel Sparry,dgeneverkv@myspace.com,F,7748,20693,1,54,TRUE,9-Dec-18,Bangalore
tenant753,Dr,Orton Sweetland,mgeffingerkw@ed.gov,M,6783,22417,1,22,TRUE,28-Sep-18,Bangalore
tenant754,Ms,Esmaria Fouldes,prossikx@wikimedia.org,F,5899,11779,0,22,TRUE,3-Oct-18,Bangalore
tenant755,Ms,Tremain Hansen,dkimminsky@paginegialle.it,F,5672,17395,1,42,TRUE,20-Oct-18,Bangalore
tenant756,Dr,Kara-lynn Felder,dshepeardkz@meetup.com,M,5198,21145,1,24,FALSE,20-Nov-18,Bangalore
tenant757,Ms,Darbee Stanluck,cshewringl0@sciencedaily.com,F,5304,28262,1,54,FALSE,12-Apr-19,Bangalore
tenant758,Ms,Libby Diffley,bgarlickel1@friendfeed.com,F,5631,15294,1,33,TRUE,18-Aug-18,Bangalore
tenant759,Dr,Ethelda Buttwell,slarnel2@foxnews.com,M,6778,29795,1,51,TRUE,9-Feb-19,Bangalore
tenant760,Mr,Joshua Pawfoot,hcrankl3@xinhuanet.com,M,5996,19315,1,57,FALSE,9-Feb-19,Bangalore
tenant761,Ms,Gerladina Springford,rpendridl4@ocn.ne.jp,F,7715,23532,1,43,FALSE,29-Oct-18,Bangalore
tenant762,Ms,Mechelle Biddles,cdodgsonl5@mysql.com,F,6842,13027,0,59,TRUE,29-Jul-18,Bangalore
tenant763,Ms,Lilas Ody,avacherl6@ox.ac.uk,F,7784,15154,1,21,TRUE,23-May-18,Bangalore
tenant764,Ms,Kahaleel Kocher,myettonl7@adobe.com,F,6931,24977,1,56,TRUE,24-Oct-18,Bangalore
tenant765,Mr,Brenna Speirs,cdibleyl8@cmu.edu,M,7451,18798,1,44,FALSE,6-Jun-18,Bangalore
tenant766,Ms,Arleyne Bertin,mgoatmanl9@nih.gov,F,7333,26671,1,45,TRUE,17-Aug-18,Bangalore
tenant767,Ms,Whitby Djordjevic,tjordenla@newyorker.com,F,7776,13253,0,28,TRUE,8-Apr-19,Bangalore
tenant768,Mr,Laverna Inwood,ctrippittlb@pinterest.com,M,7570,14054,0,38,FALSE,27-Mar-19,Bangalore
tenant769,Ms,Ralph Iles,khinstridgelc@vinaora.com,F,6962,23926,1,39,TRUE,28-Feb-19,Bangalore
tenant770,Ms,Benedict Lavalle,lfrancecioneld@stumbleupon.com,F,5983,16737,1,56,FALSE,9-Sep-18,Bangalore
tenant771,Ms,Randa Ramsell,hpiolale@mail.ru,F,6597,29788,1,40,FALSE,30-May-18,Bangalore
tenant772,Dr,Margaretta Pashe,losheelf@wsj.com,M,7617,27295,1,43,FALSE,27-Dec-18,Bangalore
tenant773,Ms,Nolan Gagan,rcreaghlg@prnewswire.com,F,5416,27160,1,27,TRUE,28-Jul-18,Bangalore
tenant774,Ms,Asher Clausen-Thue,twybernlh@posterous.com,F,6020,26499,1,43,FALSE,9-Aug-18,Bangalore
tenant775,Ms,Pablo Emm,ngundali@cnet.com,F,6035,22506,1,32,TRUE,9-Feb-19,Bangalore
tenant776,Dr,Silvio Harcus,cclemonlj@economist.com,M,7073,22680,1,22,FALSE,2-Sep-18,Bangalore
tenant777,Ms,Seward Longbone,tgarlandlk@omniture.com,F,7131,17082,1,45,TRUE,19-Jan-19,Bangalore
tenant778,Mr,Raynard Westnedge,bpetschelll@prnewswire.com,M,5348,18198,1,47,FALSE,15-Jun-18,Bangalore
tenant779,Dr,Janie Franzolini,sfilkinlm@unc.edu,M,7386,28993,1,30,TRUE,30-Dec-18,Bangalore
tenant780,Mr,Lucy Sharple,bchadwellln@disqus.com,M,5101,18576,1,54,FALSE,9-Oct-18,Bangalore
tenant781,Mr,Beau Marson,nseckingtonlo@myspace.com,M,5330,18092,1,41,TRUE,11-Oct-18,Bangalore
tenant782,Ms,Olenolin Fedynski,pschneidarlp@so-net.ne.jp,F,7770,13726,0,40,FALSE,26-Dec-18,Bangalore
tenant783,Dr,Marget Burgne,mgoldsbroughlq@artisteer.com,M,6253,27581,1,54,TRUE,26-May-18,Bangalore
tenant784,Ms,Vonny Orviss,zrooflr@fema.gov,F,5787,26198,1,24,FALSE,28-Oct-18,Bangalore
tenant785,Dr,Tomasina Yashin,kleekls@dagondesign.com,M,6128,28619,1,53,FALSE,26-Jan-19,Bangalore
tenant786,Mr,Tobye Mowsdill,bsillitoelt@ihg.com,M,6239,14769,0,20,FALSE,11-Jun-18,Bangalore
tenant787,Mr,Caitrin Gavan,sgotecliffelu@friendfeed.com,M,5142,10239,0,54,FALSE,30-May-18,Bangalore
tenant788,Ms,Lizbeth Looby,alynelv@free.fr,F,7277,19160,1,44,TRUE,3-Apr-19,Bangalore
tenant789,Ms,Dot Luquet,cmowdaylw@techcrunch.com,F,7281,22856,1,35,TRUE,31-Oct-18,Bangalore
tenant790,Ms,Megan Spohrmann,kmoulsonlx@oracle.com,F,7315,10700,0,34,TRUE,11-Dec-18,Bangalore
tenant791,Ms,Goddart Bakey,dsymcoxly@furl.net,F,5936,10435,0,59,FALSE,24-Dec-18,Bangalore
tenant792,Ms,Marsh Prester,jkeighleylz@shutterfly.com,F,5083,21070,1,37,TRUE,5-Jul-18,Bangalore
tenant793,Dr,Belva Taffurelli,frosenblathm0@over-blog.com,M,6004,20344,1,59,TRUE,4-Jun-18,Bangalore
tenant794,Mr,Ange Huikerby,cyushachkovm1@amazon.de,M,6602,13817,0,32,TRUE,14-Nov-18,Bangalore
tenant795,Ms,Isaac Kaplin,tcardnellm2@wisc.edu,F,6513,19852,1,31,FALSE,9-Jul-18,Bangalore
tenant796,Ms,Cynthie Calyton,fodunniomm3@google.com.au,F,7954,19478,1,50,TRUE,22-Apr-19,Bangalore
tenant797,Dr,Enrico Krysztowczyk,pleitherm4@last.fm,M,5053,22150,1,44,FALSE,12-Mar-19,Bangalore
tenant798,Ms,Royce Masarrat,pkasparm5@pinterest.com,F,7959,17353,1,58,TRUE,7-Nov-18,Bangalore
tenant799,Dr,Bunny Guillerman,ccranm6@hp.com,M,5197,20286,1,34,TRUE,23-Aug-18,Bangalore
tenant800,Mr,Nettie Gillow,cbylesm7@reuters.com,M,5114,19937,1,26,FALSE,6-Jul-18,Bangalore
tenant801,Ms,Jourdan Cardenas,vdellatorrem8@usda.gov,F,7246,22851,1,21,FALSE,23-Nov-18,Bangalore
tenant802,Ms,Sarina Kubec,ccheltnamm9@i2i.jp,F,7581,28600,1,59,FALSE,24-May-18,Bangalore
tenant803,Ms,Brana Cullerne,hgradonma@mozilla.org,F,5793,24554,1,48,FALSE,30-Aug-18,Bangalore
tenant804,Mr,Andeee Baythorp,dbrolanmb@ted.com,M,5467,15132,1,53,FALSE,7-Feb-19,Bangalore
tenant805,Ms,Benny Amberson,nkienlmc@globo.com,F,7643,21842,1,47,TRUE,11-Feb-19,Bangalore
tenant806,Dr,Gill Di Iorio,vmourgemd@mozilla.org,M,7727,28007,1,38,TRUE,12-Dec-18,Bangalore
tenant807,Ms,Terri Gulliman,cterreyme@wsj.com,F,5824,20575,1,27,FALSE,18-Dec-18,Bangalore
tenant808,Ms,Cloris Sill,ccapitanomf@wordpress.com,F,5374,11179,0,57,FALSE,25-Jul-18,Bangalore
tenant809,Ms,Nicol Ferenczy,hguyvermg@nasa.gov,F,7085,25081,1,38,FALSE,22-Jul-18,Bangalore
tenant810,Dr,Connor Gasson,ckiddsmh@soup.io,M,6276,29470,1,55,TRUE,29-Nov-18,Bangalore
tenant811,Dr,Charlotta Wildblood,ktwomeymi@webeden.co.uk,M,7588,21572,1,26,FALSE,26-Sep-18,Bangalore
tenant812,Ms,Archibaldo McKeney,vtoombesmj@typepad.com,F,5812,26181,1,29,TRUE,16-Jun-18,Bangalore
tenant813,Mr,Clem Boxhall,kjodlowskimk@nytimes.com,M,6420,16643,1,28,TRUE,23-May-18,Bangalore
tenant814,Ms,Rorke Mapp,wbrikml@epa.gov,F,5398,11806,0,26,TRUE,26-Jun-18,Bangalore
tenant815,Dr,Shaylyn Sweeten,rdavissonmm@51.la,M,7880,27965,1,50,TRUE,4-Mar-19,Bangalore
tenant816,Ms,Glynnis Littleproud,ebraggermn@prnewswire.com,F,5039,15399,1,51,FALSE,5-Oct-18,Bangalore
tenant817,Mr,Morlee Alfwy,chattonmo@apache.org,M,6009,10066,0,30,TRUE,11-Jan-19,Bangalore
tenant818,Ms,Elfrida Casperri,mgatehousemp@unblog.fr,F,5421,15882,1,38,FALSE,13-Dec-18,Bangalore
tenant819,Dr,Astra Dormon,bbrewardmq@google.ru,M,7682,24881,1,38,FALSE,30-Dec-18,Bangalore
tenant820,Ms,Fayina Brient,tproctormr@google.com.au,F,6376,11788,0,28,TRUE,28-Jun-18,Bangalore
tenant821,Ms,Mechelle Ovid,cputtnamms@php.net,F,5579,28476,1,54,FALSE,21-Feb-19,Bangalore
tenant822,Dr,Olympie Morritt,qkynemt@ning.com,M,6907,25347,1,20,FALSE,15-Aug-18,Bangalore
tenant823,Mr,Anatola Beatson,cfisbeymu@canalblog.com,M,6842,17614,1,46,TRUE,11-Aug-18,Bangalore
tenant824,Ms,Gaven Meltetal,rroddammv@ibm.com,F,7423,24575,1,36,TRUE,7-Jun-18,Bangalore
tenant825,Ms,Yolanthe Calken,klewteymw@1688.com,F,7574,23680,1,32,TRUE,8-Dec-18,Bangalore
tenant826,Dr,Yettie Pickering,tspybymx@hud.gov,M,6202,22783,1,24,TRUE,15-Oct-18,Bangalore
tenant827,Ms,Naoma Grantham,egerretsenmy@google.de,F,6611,10523,0,43,FALSE,26-Oct-18,Bangalore
tenant828,Mr,Preston Daye,kbrandinomz@plala.or.jp,M,5683,12093,0,38,FALSE,27-Jun-18,Bangalore
tenant829,Mr,Joshuah Galtone,byellopn0@webeden.co.uk,M,6209,12895,0,24,TRUE,6-Nov-18,Bangalore
tenant830,Mr,Katusha Keming,abartern1@cbc.ca,M,7063,12904,0,31,FALSE,27-Apr-19,Bangalore
tenant831,Dr,Bobinette Sedgmond,ljerromen2@mashable.com,M,8000,25410,1,20,FALSE,27-Oct-18,Bangalore
tenant832,Ms,Archie Garvie,braundsn3@guardian.co.uk,F,7674,11774,0,28,TRUE,5-Feb-19,Bangalore
tenant833,Mr,Rennie Gong,pharkinsn4@bbc.co.uk,M,6994,10208,0,49,FALSE,8-Feb-19,Bangalore
tenant834,Dr,Carmella Childerhouse,prummingsn5@angelfire.com,M,7127,27593,1,52,FALSE,19-Feb-19,Bangalore
tenant835,Mr,Alice Summerlie,sbotwrightn6@usa.gov,M,5496,11487,0,25,TRUE,16-Mar-19,Bangalore
tenant836,Dr,Emmy Kellie,charoldn7@ihg.com,M,5885,29150,1,40,FALSE,19-Dec-18,Bangalore
tenant837,Ms,Tansy Crunkhorn,wdragonn8@g.co,F,5563,12367,0,24,TRUE,12-Feb-19,Bangalore
tenant838,Mr,Ninetta Cleft,lmcduffien9@livejournal.com,M,5848,14133,0,30,FALSE,25-Sep-18,Bangalore
tenant839,Dr,Issiah McCracken,hsabathierna@cbslocal.com,M,6309,29876,1,60,FALSE,11-Jun-18,Bangalore
tenant840,Ms,Bria Fernando,jbroadbentnb@tripadvisor.com,F,5426,28368,1,46,FALSE,24-Aug-18,Bangalore
tenant841,Dr,Giorgi Haitlie,cgilbync@blogtalkradio.com,M,7115,25831,1,29,TRUE,21-Feb-19,Bangalore
tenant842,Dr,Audra Todd,kcoileynd@omniture.com,M,5152,25607,1,52,FALSE,24-Nov-18,Bangalore
tenant843,Mr,Lyssa Storry,gvinnicombene@ibm.com,M,7942,15461,1,56,FALSE,31-May-18,Bangalore
tenant844,Mr,Mathias Speere,pmarnf@msu.edu,M,5829,13085,0,60,FALSE,6-Aug-18,Bangalore
tenant845,Ms,Gabriell Baulcombe,kvandermerweng@surveymonkey.com,F,6660,23081,1,30,TRUE,17-Jan-19,Bangalore
tenant846,Ms,Sandor Maleck,sfilannh@cisco.com,F,6162,12461,0,56,FALSE,18-Aug-18,Bangalore
tenant847,Mr,Jamey Bridell,lacklandni@samsung.com,M,7618,17296,1,37,TRUE,27-Mar-19,Bangalore
tenant848,Mr,Pennie Syne,rgeorgeounj@wikia.com,M,7641,16499,1,29,TRUE,9-Feb-19,Bangalore
tenant849,Ms,Normie Dulake,abriannk@biglobe.ne.jp,F,6581,13403,0,56,TRUE,30-Aug-18,Bangalore
tenant850,Mr,Jodee Muldrew,abernardnl@ameblo.jp,M,5500,11245,0,20,TRUE,26-Nov-18,Bangalore
tenant851,Ms,Lindon Mallard,hassurnm@hubpages.com,F,7660,16050,1,33,FALSE,24-Aug-18,Bangalore
tenant852,Dr,Eudora Downer,sstampernn@shutterfly.com,M,6544,27015,1,20,TRUE,12-Aug-18,Bangalore
tenant853,Ms,Jordana Elwyn,fdelouchno@booking.com,F,5137,23944,1,34,FALSE,1-Oct-18,Bangalore
tenant854,Dr,Emmet Altoft,mmocklernp@imdb.com,M,7963,25565,1,54,TRUE,29-Nov-18,Bangalore
tenant855,Mr,Cookie Soldi,rhusselbeenq@addtoany.com,M,5627,10014,0,57,TRUE,27-Jun-18,Bangalore
tenant856,Ms,Myrta Trill,nhenworthnr@marriott.com,F,5932,19902,1,59,TRUE,27-Mar-19,Bangalore
tenant857,Ms,Dorise Bunning,gsimionens@is.gd,F,5702,25872,1,27,FALSE,13-Dec-18,Bangalore
tenant858,Ms,Nance Antyukhin,cfarnient@typepad.com,F,7035,27498,1,22,FALSE,29-Jan-19,Bangalore
tenant859,Ms,Rivi Fairfoul,bcorbettnu@webs.com,F,7580,23796,1,45,TRUE,9-Dec-18,Bangalore
tenant860,Dr,Salmon Labbey,pmartillnv@symantec.com,M,6547,20294,1,28,FALSE,19-Aug-18,Bangalore
tenant861,Dr,Nonah Idill,mhopewellnw@scientificamerican.com,M,6032,28202,1,24,FALSE,21-Feb-19,Bangalore
tenant862,Dr,Ada Pateman,ssimesternx@macromedia.com,M,5453,26299,1,56,FALSE,1-Mar-19,Bangalore
tenant863,Ms,Peder Lorden,dpottellny@i2i.jp,F,7829,16060,1,31,TRUE,14-Jul-18,Bangalore
tenant864,Ms,Bartram Boyfield,acapstaffnz@cnbc.com,F,6637,26067,1,58,FALSE,15-May-19,Bangalore
tenant865,Ms,Hyacintha Birmingham,lskeemoro0@uol.com.br,F,5719,24055,1,31,FALSE,9-Mar-19,Bangalore
tenant866,Ms,Cedric Fries,tdaubero1@phoca.cz,F,7602,28098,1,50,TRUE,8-Aug-18,Bangalore
tenant867,Dr,Odilia Rickwood,cbouslero2@unblog.fr,M,6573,25443,1,60,FALSE,2-Mar-19,Bangalore
tenant868,Ms,Bobine Godfery,sjohnigano3@xrea.com,F,7550,12029,0,43,TRUE,20-Feb-19,Bangalore
tenant869,Ms,Flynn Janoch,myglesiao4@ucla.edu,F,5426,16068,1,43,TRUE,23-Apr-19,Bangalore
tenant870,Ms,Jenn Noli,ajosefso5@skype.com,F,6734,27430,1,22,FALSE,17-Oct-18,Bangalore
tenant871,Dr,Sal McMackin,fsidleo6@i2i.jp,M,5830,26342,1,49,FALSE,27-Mar-19,Bangalore
tenant872,Ms,Christiane Beckson,sjopkeo7@pbs.org,F,7525,28481,1,44,TRUE,5-Jul-18,Bangalore
tenant873,Ms,Claudia Tolcharde,sburtono8@ameblo.jp,F,7214,14162,0,21,FALSE,18-Mar-19,Bangalore
tenant874,Dr,Ewart Attril,kyarno9@mac.com,M,7726,24998,1,41,TRUE,28-May-18,Bangalore
tenant875,Dr,Heddie Idenden,hlamersoa@dagondesign.com,M,5456,21750,1,29,FALSE,12-Dec-18,Bangalore
tenant876,Ms,Hinda Belfrage,hclaigeob@merriam-webster.com,F,6960,22622,1,40,TRUE,2-Dec-18,Bangalore
tenant877,Mr,Cthrine Baglin,bsegaroc@exblog.jp,M,7352,12711,0,51,FALSE,5-Jan-19,Bangalore
tenant878,Dr,Brendan Schreurs,dscotfurthod@dion.ne.jp,M,5242,22492,1,35,FALSE,27-May-18,Bangalore
tenant879,Ms,Isobel Ivoshin,randrzejewskioe@twitpic.com,F,5821,23935,1,47,FALSE,3-Jun-18,Bangalore
tenant880,Ms,Carol-jean Schurcke,khendricksonof@twitpic.com,F,6635,24470,1,55,FALSE,7-Apr-19,Bangalore
tenant881,Ms,Minor Arbuckle,rwhightmanog@google.pl,F,5217,27477,1,25,FALSE,14-Oct-18,Bangalore
tenant882,Mr,Anselm Charrette,asaddoh@webmd.com,M,5521,17152,1,48,TRUE,29-May-18,Bangalore
tenant883,Ms,Brew Goter,rcarlessoi@usatoday.com,F,5906,29537,1,52,TRUE,3-Feb-19,Bangalore
tenant884,Ms,Rene Kalinsky,mbathoj@addtoany.com,F,6098,27649,1,35,FALSE,17-Jun-18,Bangalore
tenant885,Ms,Garik Kimbrey,ltestrook@miibeian.gov.cn,F,6993,24421,1,48,TRUE,28-Aug-18,Bangalore
tenant886,Dr,Eugenia Worton,bbirdwhistleol@shinystat.com,M,7298,24939,1,23,TRUE,23-Jun-18,Bangalore
tenant887,Mr,Crissy Baldick,lwhorfom@123-reg.co.uk,M,6520,16523,1,36,FALSE,15-Jul-18,Bangalore
tenant888,Ms,Dot Noyes,rinkleson@boston.com,F,5493,18298,1,36,TRUE,6-Nov-18,Bangalore
tenant889,Ms,Gnni Verryan,cpringelloo@csmonitor.com,F,5484,16810,1,25,TRUE,13-Jan-19,Bangalore
tenant890,Mr,Bordie Curneen,ndebruinop@prnewswire.com,M,6085,14037,0,21,FALSE,16-Jul-18,Bangalore
tenant891,Mr,Lin Costock,neameroq@weather.com,M,5884,18536,1,28,FALSE,12-Jan-19,Bangalore
tenant892,Ms,Kinnie Dudderidge,mromaynor@sohu.com,F,6628,29852,1,34,FALSE,4-Jan-19,Bangalore
tenant893,Ms,Nanice Eshmade,hkliemchenos@whitehouse.gov,F,6176,28345,1,23,FALSE,25-Aug-18,Bangalore
tenant894,Ms,Isaac Dullard,mthomasonot@studiopress.com,F,7563,26949,1,31,TRUE,13-May-19,Bangalore
tenant895,Ms,Susanetta Methuen,wsisseou@walmart.com,F,6847,25352,1,26,FALSE,30-Mar-19,Bangalore
tenant896,Ms,Deva Gosling,ableimanov@nydailynews.com,F,5264,22003,1,24,FALSE,16-Apr-19,Bangalore
tenant897,Ms,Eliza Rhead,aphairow@zdnet.com,F,6501,13336,0,42,TRUE,13-Jan-19,Bangalore
tenant898,Ms,Alverta Everal,avaarox@latimes.com,F,6172,10678,0,50,FALSE,6-Oct-18,Bangalore
tenant899,Mr,Winona Pavlata,iopenshawoy@list-manage.com,M,6639,15604,1,59,FALSE,10-Mar-19,Bangalore
tenant900,Ms,Pepe Muselli,mfotittoz@csmonitor.com,F,7449,21397,1,25,FALSE,26-Jun-18,Bangalore
tenant901,Dr,Darcie Donohoe,lshillaberp0@whitehouse.gov,M,7725,28198,1,27,FALSE,20-Oct-18,Bangalore
tenant902,Dr,Cosme Le Galle,abradtkep1@google.cn,M,5937,29197,1,52,TRUE,4-Oct-18,Bangalore
tenant903,Ms,Martita Cordelet,sdukep2@macromedia.com,F,5527,20534,1,23,FALSE,12-Nov-18,Bangalore
tenant904,Dr,Kinnie Alldre,mgoodladp3@google.es,M,6354,20655,1,20,FALSE,26-Mar-19,Bangalore
tenant905,Dr,Rori Scutts,hwylderp4@over-blog.com,M,6939,22062,1,40,FALSE,12-Feb-19,Bangalore
tenant906,Mr,Waldemar Yendle,lpitsonp5@hc360.com,M,7777,10613,0,51,FALSE,16-Jul-18,Bangalore
tenant907,Ms,Royce Medd,ffealtyp6@ftc.gov,F,7302,20295,1,55,FALSE,18-Oct-18,Bangalore
tenant908,Ms,Hetti Finnemore,kmacgrathp7@tripadvisor.com,F,7276,28508,1,33,TRUE,3-Feb-19,Bangalore
tenant909,Ms,Nyssa Sweet,dusbornp8@prlog.org,F,6919,27730,1,27,TRUE,28-May-18,Bangalore
tenant910,Ms,Abagael Winchcum,mknapperp9@economist.com,F,5480,28684,1,42,FALSE,5-Feb-19,Bangalore
tenant911,Mr,Filmore Egan,ywhiffenpa@house.gov,M,7069,18079,1,31,TRUE,5-Mar-19,Bangalore
tenant912,Dr,Amata Bedbrough,prubinowpb@sun.com,M,7929,23260,1,40,TRUE,23-Feb-19,Bangalore
tenant913,Dr,Conney Bunston,etakkospc@instagram.com,M,5383,29649,1,29,TRUE,27-Nov-18,Bangalore
tenant914,Ms,Antonius Gile,lbroggellipd@oaic.gov.au,F,7166,14898,0,29,TRUE,10-Nov-18,Bangalore
tenant915,Ms,Hortensia Grelik,ffeaverspe@ifeng.com,F,7961,11683,0,38,FALSE,11-Jul-18,Bangalore
tenant916,Dr,Sher Meaton,tmcalisterpf@toplist.cz,M,5826,24191,1,37,FALSE,9-Oct-18,Bangalore
tenant917,Ms,Nancee Abeau,lkeysallpg@lulu.com,F,7317,14437,0,28,FALSE,10-Jan-19,Bangalore
tenant918,Mr,Zsa zsa Gonnelly,enashph@baidu.com,M,7943,13579,0,52,FALSE,3-Apr-19,Bangalore
tenant919,Mr,Dniren Dodds,obillionpi@earthlink.net,M,5923,16569,1,25,FALSE,18-Sep-18,Bangalore
tenant920,Dr,Byram Fulle,gmccoolepj@bbb.org,M,7883,24976,1,56,FALSE,4-Jul-18,Bangalore
tenant921,Mr,Stinky Sylett,mshadfourthpk@disqus.com,M,7876,11246,0,42,TRUE,28-Jul-18,Bangalore
tenant922,Dr,Bethanne Ebbetts,jcrommettpl@theglobeandmail.com,M,6049,22530,1,32,FALSE,24-Sep-18,Bangalore
tenant923,Mr,Bird Sleite,bcurrmpm@meetup.com,M,5122,17368,1,21,TRUE,2-Sep-18,Bangalore
tenant924,Dr,Chicky Joerning,tmingamepn@shinystat.com,M,7680,20598,1,28,FALSE,27-Nov-18,Bangalore
tenant925,Ms,Kiele Cavaney,mabbatipo@usnews.com,F,7999,24482,1,41,TRUE,6-Dec-18,Bangalore
tenant926,Ms,Vonny Doughton,amcmychempp@harvard.edu,F,7418,24369,1,33,TRUE,30-May-18,Bangalore
tenant927,Ms,Janos Hane,ekinzepq@cargocollective.com,F,7192,19501,1,44,FALSE,28-Jan-19,Bangalore
tenant928,Dr,Bamby Bambery,fdelayglesiapr@thetimes.co.uk,M,6168,22578,1,23,TRUE,22-Feb-19,Bangalore
tenant929,Mr,Rodger Paike,kgianninottips@sakura.ne.jp,M,5721,18923,1,56,TRUE,2-Aug-18,Bangalore
tenant930,Mr,Cliff Kingdom,dkilbornpt@tuttocitta.it,M,7475,18109,1,38,TRUE,17-Jan-19,Bangalore
tenant931,Ms,Mathe Blasgen,aoldcroftpu@jiathis.com,F,5944,11401,0,35,TRUE,12-Apr-19,Bangalore
tenant932,Dr,Carree Pargent,ashewardpv@csmonitor.com,M,6132,26723,1,53,FALSE,17-Sep-18,Bangalore
tenant933,Ms,Vladamir Elsmore,nemansonpw@cargocollective.com,F,6412,28999,1,57,FALSE,6-Sep-18,Bangalore
tenant934,Ms,Penny Featherby,nmorantpx@t.co,F,7794,19564,1,23,TRUE,11-Aug-18,Bangalore
tenant935,Dr,Garik Pettit,kwinsladepy@mashable.com,M,6505,27165,1,39,TRUE,29-Nov-18,Bangalore
tenant936,Mr,Lonee Allnatt,rastlingpz@wsj.com,M,5332,16937,1,49,FALSE,27-Jan-19,Bangalore
tenant937,Ms,Shirlee Feldberg,vowersq0@addtoany.com,F,5514,10358,0,50,TRUE,17-Sep-18,Bangalore
tenant938,Dr,Boycie Garfath,adeangeloq1@artisteer.com,M,7187,23841,1,53,TRUE,17-Jun-18,Bangalore
tenant939,Mr,Zilvia Janousek,cgingellq2@mapy.cz,M,6428,18224,1,55,TRUE,7-Apr-19,Bangalore
tenant940,Dr,Freedman Sifleet,pmacdaidq3@omniture.com,M,6127,25335,1,26,TRUE,13-May-19,Bangalore
tenant941,Mr,Winne Bamber,thawksbyq4@wsj.com,M,6858,11856,0,43,TRUE,27-Oct-18,Bangalore
tenant942,Ms,Costanza Duke,estanexq5@go.com,F,5003,12736,0,47,TRUE,3-Mar-19,Bangalore
tenant943,Dr,Ari Spat,mbullantq6@ox.ac.uk,M,6583,29075,1,24,TRUE,3-Sep-18,Bangalore
tenant944,Dr,Mack Toderini,ihalfhydeq7@intel.com,M,7503,24347,1,39,FALSE,18-Oct-18,Bangalore
tenant945,Ms,Iggy Bradden,dwellingsq8@amazon.co.jp,F,6225,18206,1,48,FALSE,17-Feb-19,Bangalore
tenant946,Dr,Waly Sandbatch,rmccambroisq9@cam.ac.uk,M,6271,24233,1,25,TRUE,14-Nov-18,Bangalore
tenant947,Ms,Wainwright Westwood,ewillettqa@bluehost.com,F,5815,26693,1,33,TRUE,26-May-18,Bangalore
tenant948,Ms,Ermina Poytress,mpesterqb@1688.com,F,6299,14888,0,39,TRUE,17-Jun-18,Bangalore
tenant949,Ms,Audrye Schellig,ovarleyqc@ed.gov,F,6620,25373,1,34,FALSE,3-Jan-19,Bangalore
tenant950,Ms,Ilise Grills,bsissotqd@ask.com,F,7765,11776,0,46,FALSE,19-Feb-19,Bangalore
tenant951,Ms,Janice Kentish,jstilgoeqe@technorati.com,F,5455,18481,1,58,TRUE,11-Feb-19,Bangalore
tenant952,Ms,Hetty Hagger,ghenriquetqf@ftc.gov,F,7527,19652,1,37,FALSE,5-Oct-18,Bangalore
tenant953,Mr,Oneida Folker,wvedenyapinqg@icio.us,M,7103,18562,1,31,FALSE,20-Feb-19,Bangalore
tenant954,Ms,Ulick Wait,mlealqh@blogtalkradio.com,F,7126,28487,1,31,FALSE,5-Aug-18,Bangalore
tenant955,Mr,Hortensia Ambler,charbererqi@indiegogo.com,M,6918,18055,1,28,TRUE,4-Dec-18,Bangalore
tenant956,Mr,Jany Ingerman,dbaniardqj@rediff.com,M,6410,10641,0,20,FALSE,17-Jul-18,Bangalore
tenant957,Ms,Alikee Postans,fshellardqk@php.net,F,7986,29944,1,54,TRUE,20-Mar-19,Bangalore
tenant958,Mr,Erika Wipper,smacklamql@pen.io,M,5215,18545,1,47,FALSE,27-Sep-18,Bangalore
tenant959,Ms,Cammy Scatchar,mjowersqm@bravesites.com,F,6384,23451,1,30,FALSE,23-Aug-18,Bangalore
tenant960,Ms,Hamilton Hekkert,cfreemantleqn@ameblo.jp,F,5911,29107,1,20,FALSE,3-Aug-18,Bangalore
tenant961,Dr,Agnella Merigeau,mhaddenqo@angelfire.com,M,5809,28973,1,36,FALSE,4-Apr-19,Bangalore
tenant962,Dr,Claudelle Hutchinges,mkeyselqp@linkedin.com,M,5088,27649,1,32,FALSE,17-Oct-18,Bangalore
tenant963,Ms,Korey Dilliston,olivockqq@arizona.edu,F,6355,15081,1,54,FALSE,23-Nov-18,Bangalore
tenant964,Dr,Romain Layne,rmcrillqr@sakura.ne.jp,M,7427,23355,1,42,FALSE,29-Apr-19,Bangalore
tenant965,Ms,Catha McBeith,tduffellqs@prlog.org,F,5141,23900,1,37,TRUE,30-Aug-18,Bangalore
tenant966,Mr,Basia Ewdale,jtroodqt@wordpress.com,M,7538,12564,0,23,TRUE,17-Nov-18,Bangalore
tenant967,Mr,Kaleena Prestie,lcorneljesqu@cam.ac.uk,M,6964,12642,0,20,FALSE,27-Jun-18,Bangalore
tenant968,Ms,Susan Fullom,gjaouenqv@ning.com,F,7950,28200,1,37,TRUE,2-Mar-19,Bangalore
tenant969,Dr,Osmond Heeran,tdenekampqw@last.fm,M,7183,25624,1,47,TRUE,31-Jan-19,Bangalore
tenant970,Ms,Dixie Hobden,lgrummittqx@tripadvisor.com,F,6817,29913,1,34,FALSE,7-Jan-19,Bangalore
tenant971,Mr,Cristobal Robak,nitzhakiqy@tripod.com,M,5502,16081,1,50,FALSE,6-Aug-18,Bangalore
tenant972,Dr,Haze Ricard,cgoldstoneqz@bloomberg.com,M,5660,25608,1,53,TRUE,12-Feb-19,Bangalore
tenant973,Ms,Antonio Mackney,mjanasr0@instagram.com,F,6978,26176,1,50,FALSE,5-Mar-19,Bangalore
tenant974,Dr,Courtney Kunkler,kseager1@cornell.edu,M,6035,29704,1,53,TRUE,27-May-18,Bangalore
tenant975,Ms,Vivian Dominguez,rattenboroughr2@cocolog-nifty.com,F,6982,25948,1,30,TRUE,28-Jul-18,Bangalore
tenant976,Ms,Julita Pina,rgoodbarrr3@comcast.net,F,7129,25405,1,30,FALSE,25-Jan-19,Bangalore
tenant977,Ms,Cam Putton,bblarer4@fastcompany.com,F,6978,14477,0,35,FALSE,10-Sep-18,Bangalore
tenant978,Ms,Minnnie Sproule,adiegor5@elegantthemes.com,F,6698,21874,1,46,TRUE,25-Feb-19,Bangalore
tenant979,Ms,Giusto Smye,arubinowr6@bbc.co.uk,F,6363,29654,1,25,TRUE,20-Oct-18,Bangalore
tenant980,Ms,Vinny Izatt,plesekr7@wunderground.com,F,6620,17575,1,44,FALSE,10-Apr-19,Bangalore
tenant981,Mr,Walt Hulburd,hcoppenhallr8@mashable.com,M,6566,14016,0,39,FALSE,11-Jan-19,Bangalore
tenant982,Ms,Amberly Lukas,gmaylingr9@japanpost.jp,F,7382,27755,1,39,TRUE,11-Sep-18,Bangalore
tenant983,Ms,Jillie Steutly,mdeniskera@ca.gov,F,5052,14866,0,23,TRUE,29-Mar-19,Bangalore
tenant984,Mr,Shandra Bysshe,dgrogorrb@photobucket.com,M,5201,15736,1,57,FALSE,10-Sep-18,Bangalore
tenant985,Ms,Merrilee Cosely,tbyshrc@wsj.com,F,7217,11415,0,55,FALSE,27-Aug-18,Bangalore
tenant986,Ms,Jeremiah Worling,fsighartrd@go.com,F,7262,28043,1,21,TRUE,19-Dec-18,Bangalore
tenant987,Ms,Haley Tilston,tpaskinsre@ca.gov,F,7864,19483,1,23,TRUE,24-Mar-19,Bangalore
tenant988,Mr,Turner Soro,afistrf@amazon.co.uk,M,5838,11833,0,20,TRUE,3-Jan-19,Bangalore
tenant989,Ms,Jessalin Halleybone,jsantarellirg@jiathis.com,F,6927,15641,1,44,FALSE,19-Jun-18,Bangalore
tenant990,Ms,Cammy Philcott,ckalinovichrh@scribd.com,F,6202,24105,1,26,FALSE,15-Sep-18,Bangalore
tenant991,Ms,Paulie Antrim,lburgeri@shutterfly.com,F,6453,23537,1,38,TRUE,21-Aug-18,Bangalore
tenant992,Ms,Maureene Capper,kaxfordrj@is.gd,F,6551,16385,1,36,FALSE,22-Sep-18,Bangalore
tenant993,Dr,Loren Kinchlea,nmagillrk@tripadvisor.com,M,7848,28461,1,54,TRUE,26-Nov-18,Bangalore
tenant994,Ms,Dedie Siebert,dskittrl@drupal.org,F,7572,18156,1,27,FALSE,9-Dec-18,Bangalore
tenant995,Ms,Irwin Bushby,dmcteerrm@opensource.org,F,5327,20662,1,31,TRUE,7-Apr-19,Bangalore
tenant996,Ms,Rorie Keijser,dhoffmannrn@github.io,F,5100,24297,1,21,TRUE,14-Oct-18,Bangalore
tenant997,Ms,Carley Flower,lburrusro@usda.gov,F,5322,27447,1,50,TRUE,18-Nov-18,Bangalore
tenant998,Ms,Bunnie Hatrey,gsizlandrp@flavors.me,F,5862,28053,1,41,FALSE,8-Jan-19,Bangalore
tenant999,Mr,Rogerio Doust,slefrancrq@yahoo.com,M,7430,16642,1,24,TRUE,18-Aug-18,Bangalore
tenant1000,Mr,Mireielle Smale,gchristophersenrr@fastcompany.com,M,6428,12093,0,22,FALSE,8-Nov-18,Bangalore
